"cst","max_temperaturef","mean_temperaturef","min_temperaturef","max_dew_pointf","meandew_pointf","min_dewpointf","max_humidity","mean_humidity","min_humidity","max_sea_level_pressurein","mean_sea_level_pressurein","min_sea_level_pressurein","max_visibilitymiles","mean_visibilitymiles","min_visibilitymiles","max_wind_speedmph","mean_wind_speedmph","max_gust_speedmph","precipitationin","cloudcover","events","winddirdegrees","location"
"2014-12-1",6,2,-3,-5,-11,-13,68,57,46,30.84,30.68,30.5,10,10,10,21,9,26,"0.00",2,"",218,"MSP"
"2014-12-2",22,12,2,13,7,-4,80,68,56,30.42,30.1,29.96,10,9,2,20,10,25,"T",6,"Snow",191,"MSP"
"2014-12-3",23,17,11,9,7,5,76,64,52,30.38,30.27,30.05,10,10,7,18,8,23,"0.00",3,"",258,"MSP"
"2014-12-4",32,23,14,20,12,7,80,60,39,30.39,30.25,30.1,10,10,8,17,9,25,"0.00",6,"",145,"MSP"
"2014-12-5",32,29,25,28,25,21,92,81,69,30.45,30.24,30.1,9,6,4,12,5,16,"0.00",7,"",221,"MSP"
"2014-12-6",32,25,17,20,16,12,92,71,49,30.7,30.62,30.47,10,9,8,13,6,15,"0.00",1,"",68,"MSP"
"2014-12-7",35,29,22,32,25,17,89,81,72,30.58,30.29,30.05,10,7,2,23,13,30,"0.01",8,"Rain-Snow",156,"MSP"
"2014-12-8",35,28,21,33,24,15,100,84,68,30.38,30.1,29.97,10,8,2,22,13,28,"T",8,"Snow",288,"MSP"
"2014-12-9",23,19,15,21,16,10,100,87,74,30.56,30.47,30.35,10,7,3,14,6,17,"T",7,"Snow",46,"MSP"
"2014-12-10",29,25,21,23,22,20,96,87,78,30.47,30.39,30.31,8,4,1,16,9,18,"0.00",8,"",130,"MSP"
"2014-12-11",32,30,27,30,26,23,92,88,84,30.31,30.26,30.21,6,4,2,10,6,13,"0.00",8,"",183,"MSP"
"2014-12-12",37,35,32,35,32,30,100,91,82,30.25,30.18,30.09,5,4,1,14,8,18,"0.00",8,"",177,"MSP"
"2014-12-13",51,42,33,45,40,32,100,89,77,30.1,30,29.92,9,3,1,16,7,21,"0.01",8,"",163,"MSP"
"2014-12-14",50,47,43,48,46,42,100,93,86,29.94,29.87,29.8,6,3,0,13,7,16,"0.01",8,"Fog-Rain",145,"MSP"
"2014-12-15",51,41,30,49,41,27,100,95,89,29.86,29.76,29.67,9,3,0,25,9,32,"0.19",8,"Fog-Rain-Snow",5,"MSP"
"2014-12-16",30,24,17,27,18,11,88,80,71,30.32,30.07,29.85,10,5,1,26,14,32,"0.04",8,"Snow",321,"MSP"
"2014-12-17",20,15,9,10,8,5,84,76,67,30.39,30.35,30.27,10,10,8,14,6,18,"T",3,"Snow",323,"MSP"
"2014-12-18",22,17,11,16,13,8,92,82,71,30.39,30.34,30.28,10,8,2,8,3,13,"0.02",7,"Snow",162,"MSP"
"2014-12-19",30,25,20,25,20,15,85,81,77,30.33,30.26,30.19,10,7,5,13,7,16,"T",8,"Snow",138,"MSP"
"2014-12-20",32,31,29,27,26,24,85,82,78,30.2,30.16,30.07,10,6,2,16,9,19,"0.00",8,"",158,"MSP"
"2014-12-21",39,35,31,36,33,27,100,93,85,30.09,29.85,29.73,8,3,1,16,10,23,"0.19",8,"Rain-Snow",149,"MSP"
"2014-12-22",38,37,35,36,34,32,92,89,85,29.73,29.66,29.6,7,4,2,16,13,23,"0.12",8,"Rain",119,"MSP"
"2014-12-23",36,35,34,32,31,30,89,86,82,29.88,29.75,29.61,10,8,5,18,13,30,"T",8,"Rain-Snow",2,"MSP"
"2014-12-24",36,34,31,31,30,27,89,84,78,29.86,29.73,29.62,10,10,10,15,10,21,"0.00",8,"",308,"MSP"
"2014-12-25",35,33,30,30,27,25,92,84,75,29.9,29.77,29.62,10,9,6,15,7,18,"T",8,"",162,"MSP"
"2014-12-26",32,30,28,30,26,23,92,82,72,30.12,30.03,29.88,10,6,2,17,11,27,"0.05",8,"Snow",4,"MSP"
"2014-12-27",28,20,11,24,18,6,92,76,59,30.18,30.07,29.99,10,4,0,20,11,25,"0.22",6,"Fog-Snow",319,"MSP"
"2014-12-28",24,16,7,15,8,-2,92,77,61,30.45,30.25,30.14,10,8,6,15,5,21,"0.00",4,"",4,"MSP"
"2014-12-29",10,4,-3,-1,-5,-10,76,66,55,30.77,30.63,30.45,10,10,10,14,9,22,"0.00",4,"",337,"MSP"
"2014-12-30",4,-1,-7,-8,-10,-13,75,69,62,30.86,30.79,30.69,10,10,9,15,9,19,"0.00",0,"",275,"MSP"
"2014-12-31",13,3,-7,4,-4,-12,83,71,58,30.65,30.26,30.01,10,10,8,24,12,32,"0.00",3,"",231,"MSP"
"2015-1-1",30,21,11,20,13,3,80,71,61,30.22,30,29.87,10,10,8,20,10,26,"T",6,"Snow",281,"MSP"
"2015-1-2",28,17,6,20,10,-1,76,63,49,30.27,30.18,29.99,10,10,10,16,7,19,"0.00",6,"",174,"MSP"
"2015-1-3",33,23,12,23,16,3,88,76,63,30.13,29.96,29.85,10,6,1,29,13,35,"T",7,"Snow",336,"MSP"
"2015-1-4",12,3,-7,3,-11,-16,73,62,51,30.61,30.42,30.09,10,10,10,26,16,34,"0.00",4,"",309,"MSP"
"2015-1-5",1,-5,-11,-4,-12,-19,83,71,58,30.65,30.48,30.33,10,7,1,15,7,19,"0.06",5,"Snow",187,"MSP"
"2015-1-6",8,2,-5,-2,-7,-13,91,72,53,30.65,30.44,30.28,10,10,2,28,13,36,"0.00",3,"",276,"MSP"
"2015-1-7",-1,-5,-9,-11,-15,-20,75,63,51,31,30.82,30.56,10,10,10,26,14,34,"0.00",1,"",280,"MSP"
"2015-1-8",16,5,-6,11,1,-13,84,72,60,30.51,29.89,29.64,10,4,0,31,16,42,"0.15",7,"Fog-Snow",246,"MSP"
"2015-1-9",6,1,-4,-6,-9,-12,75,67,59,30.41,30.34,30.17,10,10,6,29,14,35,"0.00",2,"",270,"MSP"
"2015-1-10",19,8,-4,7,-2,-9,88,72,56,30.34,30.18,30.04,10,10,8,12,5,17,"0.00",4,"",212,"MSP"
"2015-1-11",14,9,3,5,2,-2,87,70,53,30.48,30.32,30.21,10,8,1,12,5,19,"T",7,"Snow",335,"MSP"
"2015-1-12",5,0,-5,-2,-8,-11,87,71,54,30.87,30.76,30.5,10,10,9,17,7,23,"0.00",0,"",348,"MSP"
"2015-1-13",15,3,-10,10,-3,-14,83,71,58,30.86,30.61,30.31,10,8,2,14,7,18,"0.02",3,"Snow",175,"MSP"
"2015-1-14",24,20,15,18,13,10,81,73,65,30.33,30.21,30.04,9,7,2,12,7,16,"0.01",7,"Snow",219,"MSP"
"2015-1-15",35,27,19,27,21,17,85,75,64,30.09,30.01,29.94,10,9,7,22,8,26,"0.00",5,"",248,"MSP"
"2015-1-16",30,29,27,25,22,18,92,80,68,30.09,29.97,29.73,10,9,5,20,11,25,"0.00",7,"",98,"MSP"
"2015-1-17",38,32,26,30,26,23,92,81,70,29.69,29.6,29.52,10,8,3,25,10,33,"0.00",7,"",244,"MSP"
"2015-1-18",39,32,25,27,24,22,85,72,59,30,29.88,29.69,10,10,7,14,7,20,"0.00",3,"",270,"MSP"
"2015-1-19",37,30,22,30,26,21,96,86,75,30.01,29.89,29.81,10,8,3,16,8,21,"0.01",7,"Rain-Snow",103,"MSP"
"2015-1-20",32,30,28,29,26,24,92,85,78,30.01,29.96,29.83,6,4,2,12,7,17,"0.05",8,"Snow",55,"MSP"
"2015-1-21",30,28,26,25,22,19,92,81,69,30.35,30.18,29.98,10,8,3,15,8,20,"0.01",8,"Snow",339,"MSP"
"2015-1-22",30,24,18,23,18,10,84,73,62,30.46,30.35,30.21,10,10,7,15,9,22,"0.00",6,"",226,"MSP"
"2015-1-23",39,34,29,28,24,21,85,72,59,30.18,29.95,29.83,10,10,5,16,9,23,"0.00",4,"",229,"MSP"
"2015-1-24",42,36,29,31,29,27,92,79,65,29.81,29.7,29.58,10,8,5,15,5,19,"T",6,"",235,"MSP"
"2015-1-25",35,28,20,31,19,10,85,68,50,30.12,29.94,29.69,10,9,2,20,10,26,"0.03",6,"Snow",37,"MSP"
"2015-1-26",45,34,22,32,26,16,85,74,62,30.01,29.85,29.7,10,10,9,20,10,23,"T",8,"",248,"MSP"
"2015-1-27",36,33,30,27,25,24,85,77,69,30.21,30.16,30.03,10,10,10,15,7,20,"0.00",8,"",107,"MSP"
"2015-1-28",31,30,28,29,26,24,92,85,78,30.14,29.94,29.81,10,5,2,18,11,24,"T",8,"",119,"MSP"
"2015-1-29",34,25,15,30,19,5,92,74,55,30.6,30.24,29.91,10,9,4,26,17,35,"T",6,"",317,"MSP"
"2015-1-30",27,19,11,19,11,3,81,68,55,30.61,30.44,30.19,10,10,10,14,7,19,"0.00",3,"",173,"MSP"
"2015-1-31",28,24,19,22,17,8,92,74,55,30.25,30.21,30.13,10,9,7,21,8,30,"0.00",7,"",34,"MSP"
"2015-2-1",21,13,5,10,2,-10,80,63,45,30.32,30.26,30.18,10,7,2,23,15,29,"0.02",6,"Snow",24,"MSP"
"2015-2-2",16,8,0,2,-5,-11,75,58,40,30.31,30.19,30.05,10,10,10,14,7,20,"0.00",4,"",224,"MSP"
"2015-2-3",16,11,6,12,8,1,88,75,61,30.14,30.07,30.02,10,5,0,10,2,18,"0.06",7,"Fog-Snow",325,"MSP"
"2015-2-4",15,7,-1,9,2,-6,84,69,53,30.5,30.32,30.1,10,8,2,24,11,33,"0.01",3,"Snow",303,"MSP"
"2015-2-5",19,6,-7,7,0,-10,82,68,54,30.49,30.27,30.13,10,10,9,25,9,32,"0.00",2,"",192,"MSP"
"2015-2-6",30,22,13,17,13,7,80,69,58,30.13,30.01,29.84,10,9,7,12,7,16,"0.00",6,"",122,"MSP"
"2015-2-7",36,28,20,26,22,15,84,74,64,29.84,29.68,29.58,8,6,4,17,8,20,"0.00",6,"",106,"MSP"
"2015-2-8",32,28,23,25,20,15,78,71,63,30.21,29.97,29.69,10,9,5,16,10,24,"0.00",7,"",14,"MSP"
"2015-2-9",33,27,20,16,15,14,77,63,49,30.34,30.28,30.21,10,10,10,10,6,19,"0.00",4,"",51,"MSP"
"2015-2-10",29,26,22,26,20,15,92,80,68,30.25,30,29.87,10,5,0,23,10,31,"0.13",8,"Rain-Snow",136,"MSP"
"2015-2-11",30,16,2,26,7,-7,92,74,56,30.54,30.26,29.98,10,9,2,31,19,37,"0.01",5,"Snow",305,"MSP"
"2015-2-12",10,4,-3,-1,-6,-10,79,67,55,30.72,30.56,30.27,10,10,10,24,7,31,"0.00",4,"",322,"MSP"
"2015-2-13",30,18,6,18,10,1,80,70,59,30.29,30.1,29.95,10,10,5,23,12,31,"T",6,"Snow",255,"MSP"
"2015-2-14",12,5,-3,1,-12,-15,69,57,44,30.68,30.49,30.12,10,10,10,31,15,42,"0.00",2,"",351,"MSP"
"2015-2-15",9,5,0,-2,-9,-15,65,57,49,30.69,30.54,30.36,10,10,9,15,9,19,"T",8,"",128,"MSP"
"2015-2-16",20,14,8,12,6,-1,80,70,59,30.33,30.13,30,10,7,3,20,9,26,"0.01",8,"Snow",219,"MSP"
"2015-2-17",10,4,-2,2,-4,-12,79,67,55,30.1,30.03,29.9,10,9,2,25,15,32,"T",5,"Snow",302,"MSP"
"2015-2-18",2,-3,-9,-12,-15,-19,72,61,49,30.43,30.28,30.01,10,10,10,23,15,28,"0.00",3,"",314,"MSP"
"2015-2-19",9,-1,-11,-5,-12,-17,72,59,45,30.49,30.38,30.2,10,10,10,13,6,16,"0.00",2,"",211,"MSP"
"2015-2-20",25,15,5,18,8,-4,88,74,60,30.17,29.92,29.79,10,6,1,18,7,24,"0.07",8,"Snow",159,"MSP"
"2015-2-21",24,12,0,18,6,-11,84,69,53,30.44,30.11,29.89,10,8,2,22,13,27,"0.01",6,"Snow",325,"MSP"
"2015-2-22",0,-4,-9,-12,-16,-19,65,58,51,30.86,30.71,30.47,10,10,10,21,13,26,"0.00",0,"",311,"MSP"
"2015-2-23",23,6,-11,4,-7,-20,78,59,39,30.86,30.4,29.82,10,10,7,23,11,34,"0.00",4,"",219,"MSP"
"2015-2-24",32,23,13,24,9,-1,78,53,28,29.95,29.79,29.65,10,9,2,36,17,46,"0.01",5,"Snow",295,"MSP"
"2015-2-25",16,11,5,3,-2,-10,73,60,46,30.34,30.11,29.91,10,8,2,16,10,22,"0.02",6,"Snow",15,"MSP"
"2015-2-26",11,4,-3,-7,-9,-12,69,57,45,30.57,30.49,30.36,10,10,10,16,10,22,"0.00",0,"",326,"MSP"
"2015-2-27",15,5,-6,-1,-5,-11,82,65,48,30.63,30.6,30.57,10,10,10,13,7,17,"0.00",0,"",227,"MSP"
"2015-2-28",20,9,-3,6,0,-8,79,62,45,30.61,30.5,30.35,10,10,9,21,10,25,"0.00",3,"",165,"MSP"
"2015-3-1",28,21,14,14,9,5,80,61,42,30.45,30.32,30.24,10,9,6,22,13,30,"T",6,"",260,"MSP"
"2015-3-2",26,18,9,11,7,3,83,62,40,30.56,30.38,30.09,10,10,7,15,8,19,"0.00",4,"",186,"MSP"
"2015-3-3",29,18,6,23,14,-3,96,73,50,30.07,29.79,29.67,10,6,0,28,13,36,"0.13",6,"Fog-Snow",210,"MSP"
"2015-3-4",12,5,-2,-5,-8,-13,72,59,46,30.51,30.31,30.1,10,10,10,23,12,31,"0.00",2,"",286,"MSP"
"2015-3-5",15,4,-7,1,-5,-13,79,64,48,30.6,30.5,30.34,10,10,10,13,7,18,"0.00",0,"",224,"MSP"
"2015-3-6",39,23,7,18,11,0,76,58,40,30.3,30.12,30.04,10,10,10,16,8,19,"0.00",4,"",225,"MSP"
"2015-3-7",44,36,28,27,22,19,75,57,39,30.17,30.08,29.94,10,10,10,28,12,35,"0.00",4,"",286,"MSP"
"2015-3-8",48,40,31,31,26,23,82,62,42,30.14,30.1,30.06,10,10,10,18,9,25,"0.00",4,"",252,"MSP"
"2015-3-9",57,45,32,36,30,25,82,59,36,30.07,29.99,29.91,10,10,10,21,9,27,"0.00",5,"",211,"MSP"
"2015-3-10",66,52,37,36,30,26,70,49,27,30.15,29.91,29.83,10,10,10,23,9,28,"0.00",0,"",240,"MSP"
"2015-3-11",58,44,29,31,26,22,72,51,30,30.34,30.28,30.17,10,10,10,13,4,17,"0.00",3,"",159,"MSP"
"2015-3-12",62,50,37,47,37,29,71,61,51,30.3,30.19,30.06,10,10,7,23,13,28,"0.00",7,"",151,"MSP"
"2015-3-13",62,51,39,43,38,32,76,61,46,30.18,30.08,30.03,10,10,8,21,12,26,"0.00",4,"",265,"MSP"
"2015-3-14",61,47,33,35,32,30,89,61,32,30.22,30.17,30.12,10,10,8,16,7,22,"0.00",0,"",285,"MSP"
"2015-3-15",70,54,38,44,34,27,70,49,28,30.11,29.94,29.83,10,10,10,24,10,33,"0.00",7,"",198,"MSP"
"2015-3-16",62,49,36,44,37,18,77,55,32,30.31,29.94,29.73,10,10,10,28,12,35,"0.00",8,"",18,"MSP"
"2015-3-17",45,36,26,15,10,6,50,35,20,30.54,30.44,30.35,10,10,9,21,10,28,"0.00",4,"",315,"MSP"
"2015-3-18",46,38,30,29,16,10,70,48,25,30.37,30.31,30.24,10,10,10,12,2,14,"0.00",8,"",230,"MSP"
"2015-3-19",50,43,35,33,24,19,75,53,31,30.25,30.12,29.97,10,10,10,20,10,25,"T",7,"Rain",150,"MSP"
"2015-3-20",56,44,32,38,33,30,89,65,41,30.07,29.99,29.88,10,9,7,23,9,30,"T",5,"",284,"MSP"
"2015-3-21",38,32,26,30,8,-3,82,51,19,30.35,30.27,30.11,10,10,10,23,10,30,"0.00",4,"",356,"MSP"
"2015-3-22",35,32,29,28,20,7,100,68,36,30.36,30.28,30.22,10,5,0,18,11,24,"0.20",8,"Fog-Snow",71,"MSP"
"2015-3-23",32,31,30,28,27,25,92,82,72,30.32,30.27,30.25,10,7,2,16,10,20,"0.03",8,"Snow",98,"MSP"
"2015-3-24",38,32,25,30,25,22,100,77,54,30.25,30.1,29.91,10,7,1,21,11,27,"0.12",7,"Snow",142,"MSP"
"2015-3-25",38,35,31,32,29,22,100,80,59,30.09,29.9,29.78,10,6,1,32,15,42,"T",8,"Snow",233,"MSP"
"2015-3-26",36,31,25,21,16,6,75,56,36,30.25,30.14,30.08,10,10,10,21,13,26,"0.00",5,"",326,"MSP"
"2015-3-27",36,27,17,8,4,-1,54,39,24,30.33,30.26,30.18,10,10,10,12,5,16,"0.00",2,"",9,"MSP"
"2015-3-28",41,31,20,22,14,7,62,48,34,30.3,30.19,29.95,10,10,10,22,11,27,"0.00",2,"",147,"MSP"
"2015-3-29",53,44,34,39,30,20,92,65,38,29.99,29.78,29.57,10,9,4,37,18,48,"0.19",4,"Rain",245,"MSP"
"2015-3-30",57,47,36,38,31,27,82,61,40,29.99,29.92,29.78,10,10,10,18,7,24,"0.00",5,"",156,"MSP"
"2015-3-31",65,49,32,37,32,26,100,62,24,29.95,29.91,29.87,10,9,6,13,5,23,"0.00",1,"Fog",277,"MSP"
"2015-4-1",84,64,43,55,39,30,80,49,17,29.86,29.63,29.43,10,10,7,31,14,45,"0.26",5,"Rain-Thunderstorm",166,"MSP"
"2015-4-2",65,50,34,49,29,14,77,46,14,29.95,29.74,29.61,10,10,10,35,18,46,"0.00",5,"",282,"MSP"
"2015-4-3",43,35,27,25,15,5,69,45,21,30.22,30.15,30,10,10,10,23,13,29,"0.00",5,"",311,"MSP"
"2015-4-4",52,42,32,25,21,13,61,48,35,30.21,30.13,30.03,10,10,10,16,7,23,"0.00",4,"",291,"MSP"
"2015-4-5",53,45,36,34,23,18,73,51,28,30.06,30.01,29.93,10,10,10,21,13,27,"0.00",6,"",56,"MSP"
"2015-4-6",43,41,38,37,35,33,92,81,70,30.14,30.04,29.96,10,10,5,23,15,32,"0.18",8,"Rain",55,"MSP"
"2015-4-7",43,40,37,35,30,24,92,71,49,30.2,30.13,30.03,10,10,5,24,15,29,"0.01",8,"Rain",72,"MSP"
"2015-4-8",48,43,37,39,35,32,89,80,70,30.11,30,29.86,10,9,4,17,10,24,"T",8,"",64,"MSP"
"2015-4-9",41,37,33,39,36,32,92,86,79,29.89,29.77,29.69,10,6,1,22,10,27,"0.63",8,"Rain-Snow",19,"MSP"
"2015-4-10",56,44,32,38,33,30,100,71,41,30.11,29.92,29.75,10,8,1,24,9,28,"0.08",5,"Rain-Snow",282,"MSP"
"2015-4-11",68,53,38,42,35,32,76,55,34,30.16,30.05,29.89,10,10,6,23,11,28,"0.00",1,"",179,"MSP"
"2015-4-12",75,63,51,55,45,38,93,63,33,29.88,29.75,29.63,10,9,2,31,17,41,"0.65",5,"Rain-Thunderstorm",180,"MSP"
"2015-4-13",64,55,46,47,29,15,83,50,16,30.17,29.99,29.8,10,10,6,28,13,38,"0.01",2,"Rain",272,"MSP"
"2015-4-14",72,55,38,32,25,19,67,42,16,30.28,30.2,30.14,10,10,10,15,7,22,"0.00",1,"",158,"MSP"
"2015-4-15",70,58,45,31,25,21,53,35,16,30.23,30.17,30.11,10,10,8,25,11,34,"0.00",4,"",131,"MSP"
"2015-4-16",73,63,52,47,37,26,52,40,28,30.11,30.06,29.99,10,10,8,15,7,18,"T",7,"",185,"MSP"
"2015-4-17",75,63,50,45,40,25,77,49,20,30.13,30.06,30.01,10,10,10,12,5,24,"0.00",2,"",310,"MSP"
"2015-4-18",73,60,47,47,34,29,77,51,25,30.1,30,29.88,10,10,6,21,12,27,"0.07",5,"Rain",84,"MSP"
"2015-4-19",60,53,45,55,46,37,93,78,63,29.85,29.67,29.55,10,9,2,26,12,34,"0.14",8,"Rain",198,"MSP"
"2015-4-20",45,41,36,36,29,25,70,61,51,29.56,29.53,29.5,10,10,5,30,19,39,"0.02",8,"Rain",299,"MSP"
"2015-4-21",41,38,34,33,27,22,82,68,54,29.82,29.64,29.54,10,9,2,29,20,39,"0.03",8,"Snow",303,"MSP"
"2015-4-22",49,41,32,24,16,6,64,41,18,30,29.9,29.82,10,10,10,28,16,38,"0.00",3,"",304,"MSP"
"2015-4-23",55,42,29,16,11,2,53,33,12,30.12,30.05,29.99,10,10,10,16,6,21,"0.00",1,"",301,"MSP"
"2015-4-24",52,47,42,43,32,11,89,58,27,30.01,29.87,29.81,10,8,2,23,14,29,"0.34",8,"Rain",113,"MSP"
"2015-4-25",62,53,43,40,32,19,83,52,20,29.99,29.86,29.81,10,10,9,22,13,27,"0.00",5,"",75,"MSP"
"2015-4-26",64,50,36,25,23,20,59,40,20,30.17,30.09,30.01,10,10,10,14,6,23,"0.00",1,"",36,"MSP"
"2015-4-27",69,54,39,32,27,24,76,47,18,30.26,30.19,30.13,10,10,10,15,4,19,"0.00",1,"",2,"MSP"
"2015-4-28",65,55,44,43,38,30,71,56,40,30.17,30.12,30.05,10,10,10,18,8,25,"0.00",6,"",307,"MSP"
"2015-4-29",68,56,44,33,31,27,49,38,27,30.09,30.03,29.98,10,10,10,20,10,29,"0.00",1,"",3,"MSP"
"2015-4-30",68,58,47,36,31,26,53,39,24,30.1,30.05,29.99,10,10,10,14,8,20,"0.00",3,"",86,"MSP"
"2015-5-1",66,58,49,51,41,29,77,57,37,30.09,30.03,29.96,10,10,8,18,8,24,"0.01",4,"Rain",167,"MSP"
"2015-5-2",80,66,52,52,46,42,77,52,26,29.97,29.86,29.72,10,10,10,17,8,24,"0.00",1,"",195,"MSP"
"2015-5-3",83,70,56,59,52,44,83,60,36,29.93,29.79,29.72,10,10,7,37,7,47,"0.05",5,"Rain-Thunderstorm",28,"MSP"
"2015-5-4",72,61,50,47,33,24,67,42,17,30.19,30.13,29.96,10,10,10,18,9,25,"0.00",4,"",16,"MSP"
"2015-5-5",70,61,51,54,44,28,93,63,33,30.21,30.16,30.12,10,9,5,23,13,28,"0.02",5,"Rain",108,"MSP"
"2015-5-6",77,67,56,61,57,53,100,77,54,30.12,29.99,29.85,10,6,1,28,14,36,"T",7,"",123,"MSP"
"2015-5-7",76,69,62,65,61,56,87,76,64,29.86,29.74,29.66,10,9,2,23,11,31,"0.35",7,"Rain-Thunderstorm",192,"MSP"
"2015-5-8",62,56,49,59,47,41,93,72,51,30.09,29.96,29.79,10,9,7,16,9,22,"0.02",6,"",314,"MSP"
"2015-5-9",69,57,44,46,41,38,76,59,42,30.19,30.13,30.07,10,10,10,20,9,25,"0.00",2,"",11,"MSP"
"2015-5-10",60,54,48,54,46,36,93,76,59,30.12,29.95,29.79,10,8,2,24,14,29,"0.72",7,"Rain",63,"MSP"
"2015-5-11",55,50,44,54,47,42,100,87,74,29.78,29.71,29.65,10,8,2,20,13,26,"0.07",8,"Rain",215,"MSP"
"2015-5-12",58,49,39,43,36,31,100,70,40,30.35,30.06,29.76,10,8,2,25,13,31,"0.02",6,"Rain",316,"MSP"
"2015-5-13",67,55,43,40,37,34,71,54,37,30.43,30.33,30.22,10,10,10,22,14,30,"0.00",5,"",121,"MSP"
"2015-5-14",57,54,51,54,48,39,100,76,51,30.22,30.04,29.88,10,7,2,21,12,27,"0.34",8,"Rain",122,"MSP"
"2015-5-15",67,60,53,54,52,49,100,78,56,30.01,29.94,29.87,10,8,3,10,6,19,"0.00",8,"",316,"MSP"
"2015-5-16",76,67,58,66,59,51,87,78,68,29.98,29.87,29.77,10,9,1,25,13,30,"0.06",7,"Rain-Thunderstorm",112,"MSP"
"2015-5-17",74,61,48,65,59,39,87,74,61,29.78,29.64,29.54,10,9,4,38,18,50,"0.08",7,"Rain-Thunderstorm",164,"MSP"
"2015-5-18",48,44,40,38,35,33,73,67,60,30.27,30.05,29.78,10,10,7,28,18,37,"T",8,"Rain",267,"MSP"
"2015-5-19",57,47,37,34,32,29,76,56,36,30.43,30.32,30.25,10,10,10,18,7,27,"T",5,"Rain",344,"MSP"
"2015-5-20",62,52,41,40,32,26,83,55,27,30.27,30.21,30.11,10,9,7,15,5,20,"0.00",5,"Fog",267,"MSP"
"2015-5-21",74,60,45,42,34,27,65,42,19,30.1,30.05,30.01,10,10,10,21,9,28,"0.00",0,"",286,"MSP"
"2015-5-22",75,61,46,39,36,32,66,44,22,30.23,30.18,30.1,10,10,10,12,4,16,"0.00",2,"",107,"MSP"
"2015-5-23",73,62,51,46,43,37,68,50,31,30.26,30.2,30.13,10,10,10,15,6,22,"T",6,"",43,"MSP"
"2015-5-24",64,61,58,58,55,47,100,78,56,30.11,29.94,29.78,10,6,2,20,9,22,"0.52",8,"Rain",77,"MSP"
"2015-5-25",73,65,57,61,58,56,100,81,61,29.78,29.71,29.65,10,7,1,20,10,26,"0.16",7,"Rain",184,"MSP"
"2015-5-26",63,60,57,57,56,55,100,92,84,29.82,29.79,29.76,10,7,2,12,6,20,"0.59",8,"Rain",329,"MSP"
"2015-5-27",84,70,55,58,55,51,100,66,32,30.02,29.92,29.83,10,9,5,15,6,20,"T",2,"",239,"MSP"
"2015-5-28",84,73,62,57,54,48,78,55,31,30.06,29.99,29.88,10,10,8,24,10,30,"0.00",4,"",169,"MSP"
"2015-5-29",72,63,54,65,60,50,93,77,61,30.06,29.91,29.85,10,8,3,22,11,29,"0.54",8,"Rain",321,"MSP"
"2015-5-30",64,56,47,50,41,33,89,66,42,30.29,30.19,30.06,10,10,10,24,13,34,"0.00",4,"",21,"MSP"
"2015-5-31",63,54,44,41,35,31,64,52,39,30.33,30.28,30.23,10,10,10,15,9,21,"0.00",3,"",86,"MSP"
"2015-6-1",69,61,52,43,40,36,71,51,30,30.27,30.21,30.11,10,10,10,18,10,22,"0.00",4,"",121,"MSP"
"2015-6-2",76,65,54,54,49,40,64,54,43,30.11,30.01,29.9,10,10,10,22,12,29,"0.00",4,"",152,"MSP"
"2015-6-3",67,65,62,64,60,53,100,82,63,29.91,29.86,29.82,10,6,0,17,9,21,"0.75",8,"Fog-Rain-Thunderstorm",188,"MSP"
"2015-6-4",75,69,62,61,61,60,93,79,64,30.06,29.98,29.89,10,8,3,13,6,15,"0.00",7,"",303,"MSP"
"2015-6-5",75,68,61,62,57,51,93,71,49,30.19,30.14,30.06,10,10,9,14,9,21,"0.00",7,"",48,"MSP"
"2015-6-6",79,69,59,64,57,49,84,66,48,30.14,29.95,29.7,10,9,1,25,13,33,"0.69",6,"Rain-Thunderstorm",144,"MSP"
"2015-6-7",83,75,66,66,62,51,93,68,42,29.71,29.66,29.61,10,9,1,20,10,24,"0.06",6,"Rain-Thunderstorm",251,"MSP"
"2015-6-8",81,71,61,58,56,54,84,62,39,29.77,29.74,29.69,10,10,10,20,7,25,"0.00",3,"",289,"MSP"
"2015-6-9",92,78,63,61,57,52,78,54,30,29.76,29.67,29.54,10,9,6,21,6,27,"0.00",3,"",214,"MSP"
"2015-6-10",79,71,62,59,51,45,67,51,35,29.86,29.78,29.64,10,10,8,21,8,27,"T",4,"Rain",337,"MSP"
"2015-6-11",67,63,58,60,57,51,97,78,58,29.92,29.89,29.84,10,9,4,18,10,24,"0.30",8,"Rain",57,"MSP"
"2015-6-12",79,66,53,55,51,48,89,62,35,29.93,29.91,29.88,10,10,10,20,10,25,"0.00",3,"",71,"MSP"
"2015-6-13",71,66,60,61,59,54,90,77,63,29.93,29.9,29.86,10,8,1,13,7,17,"0.07",8,"Rain",88,"MSP"
"2015-6-14",85,74,62,64,61,58,93,67,40,29.91,29.87,29.82,10,10,9,13,5,18,"0.00",6,"",126,"MSP"
"2015-6-15",78,71,64,65,54,45,81,57,33,30.13,29.98,29.85,10,10,10,20,11,28,"0.00",6,"",330,"MSP"
"2015-6-16",72,64,55,53,48,46,80,61,41,30.22,30.17,30.1,10,10,10,15,7,25,"T",4,"Rain",23,"MSP"
"2015-6-17",79,70,60,70,63,53,84,73,62,29.98,29.91,29.87,10,9,0,16,8,22,"0.87",7,"Fog-Rain-Thunderstorm",317,"MSP"
"2015-6-18",79,70,61,59,57,53,90,68,45,30.09,30.02,29.93,10,10,10,15,8,30,"0.00",4,"",342,"MSP"
"2015-6-19",79,69,59,59,55,50,72,59,45,30.11,30.01,29.83,10,10,10,16,10,22,"0.00",4,"",136,"MSP"
"2015-6-20",82,73,63,66,62,57,87,71,54,29.84,29.74,29.66,10,8,1,21,10,25,"0.43",7,"Rain-Thunderstorm",216,"MSP"
"2015-6-21",86,74,62,63,58,51,93,63,32,29.93,29.88,29.83,10,10,9,15,6,19,"0.00",4,"",264,"MSP"
"2015-6-22",82,73,64,68,63,51,84,65,45,29.95,29.69,29.42,10,8,0,32,13,38,"0.95",6,"Fog-Rain-Thunderstorm",103,"MSP"
"2015-6-23",79,70,60,57,54,51,78,59,39,30.11,30.07,29.97,10,10,10,15,7,19,"0.00",1,"",277,"MSP"
"2015-6-24",78,70,62,60,57,55,84,66,47,30.11,30.05,29.97,10,10,10,14,5,21,"0.00",4,"",170,"MSP"
"2015-6-25",82,73,63,63,60,56,87,67,47,30.02,29.99,29.96,10,10,7,15,6,26,"0.00",4,"",8,"MSP"
"2015-6-26",81,72,63,63,58,53,81,62,42,30.09,30.06,30.01,10,10,8,18,6,25,"0.06",5,"Rain-Thunderstorm",50,"MSP"
"2015-6-27",83,72,60,61,57,53,90,65,39,30.09,30.01,29.87,10,10,9,15,5,19,"0.02",4,"Rain-Thunderstorm",237,"MSP"
"2015-6-28",82,73,64,65,62,58,87,70,52,29.88,29.82,29.76,10,10,2,25,6,30,"0.09",6,"Rain-Thunderstorm",184,"MSP"
"2015-6-29",83,74,65,65,62,56,93,72,51,29.84,29.8,29.76,10,6,1,24,6,32,"0.11",5,"Fog-Rain-Thunderstorm",257,"MSP"
"2015-6-30",77,70,62,63,58,52,93,71,49,29.95,29.9,29.83,10,8,6,13,7,24,"0.00",4,"",28,"MSP"
"2015-7-1",73,66,59,53,50,46,72,58,44,30.02,29.99,29.95,10,10,9,12,6,16,"0.00",5,"",132,"MSP"
"2015-7-2",77,67,56,55,53,49,93,67,41,30.04,30,29.96,10,10,8,12,4,15,"0.00",2,"",178,"MSP"
"2015-7-3",80,70,60,59,56,54,84,65,45,29.98,29.94,29.89,10,10,8,13,6,17,"0.00",4,"",227,"MSP"
"2015-7-4",85,75,65,65,62,59,81,65,48,29.94,29.92,29.87,7,5,4,13,6,18,"0.00",4,"",184,"MSP"
"2015-7-5",88,77,66,69,64,59,78,66,53,29.94,29.87,29.78,10,8,7,23,12,29,"0.04",5,"",167,"MSP"
"2015-7-6",76,67,58,71,65,48,97,77,57,30.05,29.84,29.75,10,4,1,25,12,32,"2.83",7,"Rain-Thunderstorm",10,"MSP"
"2015-7-7",72,63,54,49,46,43,77,59,41,30.17,30.12,30.05,10,10,10,17,8,29,"0.00",3,"",12,"MSP"
"2015-7-8",73,65,57,54,51,49,86,65,44,30.12,30.04,29.96,10,10,10,15,5,24,"0.00",4,"",164,"MSP"
"2015-7-9",81,71,60,60,57,54,84,63,42,30,29.97,29.95,10,10,10,13,5,16,"0.00",4,"",180,"MSP"
"2015-7-10",85,75,65,66,63,58,87,69,51,30.03,30.01,29.98,10,9,7,16,7,21,"0.00",2,"",178,"MSP"
"2015-7-11",82,75,67,70,67,63,87,77,67,30.04,29.99,29.94,10,9,7,17,10,22,"0.00",5,"",137,"MSP"
"2015-7-12",89,77,65,76,71,65,90,77,64,29.95,29.84,29.69,10,9,1,33,11,43,"1.89",5,"Rain-Thunderstorm",144,"MSP"
"2015-7-13",87,77,66,71,65,60,93,71,48,29.79,29.67,29.58,10,9,1,22,9,29,"T",5,"Rain-Thunderstorm",336,"MSP"
"2015-7-14",84,76,67,66,64,54,84,70,55,29.94,29.79,29.65,10,10,10,17,10,30,"0.00",1,"",22,"MSP"
"2015-7-15",81,72,63,70,62,50,87,73,58,29.99,29.95,29.91,10,10,8,14,8,17,"0.01",5,"Rain",127,"MSP"
"2015-7-16",72,69,66,67,65,63,100,87,73,29.91,29.78,29.68,10,7,1,18,8,23,"0.16",8,"Rain",113,"MSP"
"2015-7-17",90,78,65,70,66,63,93,69,44,29.74,29.71,29.68,10,9,5,37,5,45,"0.62",3,"",176,"MSP"
"2015-7-18",88,78,68,69,64,55,79,62,45,29.88,29.75,29.65,10,8,0,45,12,60,"0.25",5,"Fog-Rain-Thunderstorm",260,"MSP"
"2015-7-19",84,74,64,62,57,54,78,59,39,29.92,29.87,29.78,10,10,10,21,10,35,"0.00",2,"",246,"MSP"
"2015-7-20",81,73,64,65,58,52,79,61,42,29.9,29.8,29.73,10,10,10,25,12,30,"0.00",2,"",294,"MSP"
"2015-7-21",81,71,61,58,55,53,84,62,39,29.99,29.94,29.91,10,10,10,15,8,21,"0.00",1,"",294,"MSP"
"2015-7-22",82,74,66,60,58,56,73,58,43,29.97,29.93,29.9,10,10,10,13,6,19,"0.00",3,"",215,"MSP"
"2015-7-23",84,76,67,64,61,59,76,62,47,29.99,29.94,29.89,10,10,10,17,8,21,"0.00",1,"",177,"MSP"
"2015-7-24",88,78,68,71,67,63,93,74,55,29.92,29.85,29.82,10,9,4,21,11,25,"0.23",5,"Rain-Thunderstorm",225,"MSP"
"2015-7-25",86,78,69,68,66,63,90,68,45,29.99,29.93,29.89,10,10,10,12,6,16,"0.00",3,"",145,"MSP"
"2015-7-26",87,80,72,68,66,63,79,64,48,29.94,29.9,29.86,10,10,10,17,8,20,"T",5,"",112,"MSP"
"2015-7-27",86,79,71,72,70,66,84,75,65,29.97,29.92,29.88,10,10,7,18,10,22,"0.00",4,"",129,"MSP"
"2015-7-28",84,77,70,72,69,59,93,74,54,29.91,29.83,29.76,10,8,1,21,12,28,"1.29",6,"Rain-Thunderstorm",181,"MSP"
"2015-7-29",82,74,66,60,54,50,70,52,34,29.98,29.93,29.91,10,10,10,31,16,42,"0.00",1,"",250,"MSP"
"2015-7-30",85,74,63,61,56,54,78,56,34,30.04,30.01,29.99,10,10,10,23,11,29,"0.00",0,"",265,"MSP"
"2015-7-31",82,74,65,60,54,49,73,53,33,30.07,30.02,29.96,10,10,10,28,13,34,"0.00",0,"",284,"MSP"
"2015-8-1",86,76,66,68,60,53,78,58,37,29.99,29.9,29.75,10,10,10,18,6,25,"T",2,"",223,"MSP"
"2015-8-2",84,75,66,68,61,51,73,58,42,29.83,29.69,29.6,10,10,10,26,14,32,"0.00",1,"",271,"MSP"
"2015-8-3",80,70,60,53,51,47,78,55,32,29.93,29.89,29.86,10,10,10,21,10,27,"0.00",1,"",292,"MSP"
"2015-8-4",82,70,58,57,52,49,80,58,35,30.01,29.97,29.93,10,10,10,15,7,23,"0.00",2,"",280,"MSP"
"2015-8-5",82,72,61,59,56,53,84,61,37,30.05,30.01,29.96,10,10,10,13,5,15,"0.00",4,"",124,"MSP"
"2015-8-6",74,69,64,69,63,57,93,80,66,29.96,29.87,29.75,10,9,5,21,9,28,"0.24",7,"Rain-Thunderstorm",142,"MSP"
"2015-8-7",84,77,69,68,66,63,97,76,55,29.88,29.78,29.7,10,9,2,17,9,27,"0.43",6,"Rain-Thunderstorm",275,"MSP"
"2015-8-8",80,74,67,70,67,63,87,78,69,29.94,29.9,29.87,10,10,10,15,9,19,"0.01",6,"",128,"MSP"
"2015-8-9",82,76,69,70,67,63,100,77,54,29.95,29.92,29.89,10,9,5,18,5,23,"0.06",6,"Rain",109,"MSP"
"2015-8-10",82,74,66,65,60,52,93,65,36,30.05,29.98,29.93,10,10,10,20,8,25,"0.00",3,"",331,"MSP"
"2015-8-11",82,72,62,60,57,53,84,62,39,30.17,30.13,30.05,10,10,10,14,6,22,"0.00",1,"",349,"MSP"
"2015-8-12",85,75,64,65,60,57,84,64,43,30.19,30.12,29.99,10,10,10,18,7,25,"0.00",3,"",206,"MSP"
"2015-8-13",85,78,71,71,67,64,84,71,58,30.08,29.97,29.92,10,10,6,18,9,24,"0.05",7,"Rain-Thunderstorm",244,"MSP"
"2015-8-14",94,83,71,72,69,67,90,67,44,30.08,30.05,30.01,10,10,9,14,6,19,"0.00",2,"",233,"MSP"
"2015-8-15",91,82,73,71,67,59,84,61,37,30.09,30.03,29.95,10,10,10,17,8,23,"0.00",0,"",189,"MSP"
"2015-8-16",82,76,69,71,68,65,93,80,67,30.01,29.95,29.86,10,8,2,14,9,22,"0.51",7,"Rain-Thunderstorm",274,"MSP"
"2015-8-17",74,69,63,64,58,55,84,69,53,30.06,30.01,29.97,10,10,7,12,8,22,"0.08",7,"Rain",7,"MSP"
"2015-8-18",67,65,63,64,62,55,93,83,73,29.98,29.71,29.53,10,8,2,17,10,22,"0.92",8,"Rain-Thunderstorm",63,"MSP"
"2015-8-19",65,61,56,63,57,51,93,83,73,29.71,29.54,29.46,10,9,4,25,10,30,"0.10",8,"Rain",267,"MSP"
"2015-8-20",74,64,53,51,48,46,83,61,38,29.93,29.83,29.72,10,10,10,22,11,28,"0.00",3,"",284,"MSP"
"2015-8-21",81,70,59,62,57,51,78,64,50,29.92,29.86,29.82,10,10,10,20,10,28,"0.00",5,"",164,"MSP"
"2015-8-22",82,73,63,70,64,52,82,72,62,29.86,29.76,29.67,10,9,1,35,18,47,"0.59",7,"Rain-Thunderstorm",179,"MSP"
"2015-8-23",70,64,57,53,49,46,80,63,45,29.92,29.81,29.7,10,10,8,27,18,38,"T",6,"",257,"MSP"
"2015-8-24",67,61,54,48,45,42,77,60,42,30.05,29.98,29.91,10,10,10,28,15,37,"0.00",6,"",300,"MSP"
"2015-8-25",74,64,53,51,47,45,80,59,38,30.13,30.09,30.04,10,10,10,18,11,31,"0.00",2,"",307,"MSP"
"2015-8-26",75,63,51,55,52,49,96,69,41,30.21,30.15,30.1,10,10,10,9,4,12,"0.00",1,"",145,"MSP"
"2015-8-27",76,68,59,60,56,53,80,67,53,30.12,30.06,29.99,10,10,10,17,8,21,"0.00",6,"",151,"MSP"
"2015-8-28",76,68,59,64,60,55,87,76,64,30.04,30,29.98,10,10,7,20,8,27,"T",6,"",141,"MSP"
"2015-8-29",74,65,56,64,58,54,93,79,64,30.08,30.05,30,10,8,1,10,5,14,"0.00",6,"",132,"MSP"
"2015-8-30",81,72,62,66,62,59,100,77,54,30.01,29.97,29.91,10,8,4,15,9,19,"0.00",5,"",175,"MSP"
"2015-8-31",86,75,63,70,67,62,100,80,59,29.94,29.91,29.87,10,8,4,20,9,27,"0.00",5,"",168,"MSP"
"2015-9-1",86,78,69,73,70,66,90,76,61,29.91,29.89,29.86,10,8,5,12,6,15,"0.00",6,"",173,"MSP"
"2015-9-2",78,74,69,73,68,66,97,86,74,29.94,29.9,29.85,10,7,4,21,8,27,"0.23",7,"Rain-Thunderstorm",99,"MSP"
"2015-9-3",84,76,67,72,70,65,100,85,69,29.92,29.89,29.85,10,8,2,16,10,19,"0.00",5,"",102,"MSP"
"2015-9-4",89,80,71,73,70,67,90,73,56,29.94,29.91,29.87,10,9,4,18,11,24,"0.00",4,"",130,"MSP"
"2015-9-5",89,82,75,74,71,68,87,71,55,29.95,29.89,29.85,10,9,5,22,11,32,"0.01",6,"Rain",159,"MSP"
"2015-9-6",83,77,70,73,72,69,93,81,69,29.87,29.82,29.78,10,8,1,21,10,32,"0.73",6,"Rain-Thunderstorm",185,"MSP"
"2015-9-7",82,75,67,67,61,53,90,70,49,30.04,29.96,29.9,10,10,10,15,7,23,"T",4,"Rain",2,"MSP"
"2015-9-8",78,69,60,66,58,47,93,65,36,29.98,29.9,29.83,10,9,5,20,9,24,"0.13",5,"Rain-Thunderstorm",307,"MSP"
"2015-9-9",71,64,56,60,55,47,84,70,56,30.02,29.94,29.87,10,9,5,28,5,35,"0.28",6,"Rain-Thunderstorm",165,"MSP"
"2015-9-10",71,63,54,60,53,43,97,71,44,30.12,29.98,29.89,10,9,4,20,9,26,"0.02",4,"Rain",349,"MSP"
"2015-9-11",64,56,48,47,44,41,86,66,46,30.22,30.17,30.12,10,10,10,18,7,27,"0.00",3,"",340,"MSP"
"2015-9-12",69,58,47,47,44,41,93,65,37,30.19,30.12,30.02,10,10,8,13,4,15,"0.00",2,"",260,"MSP"
"2015-9-13",75,64,52,53,48,42,77,59,41,30.01,29.89,29.78,10,10,10,18,10,25,"0.00",0,"",186,"MSP"
"2015-9-14",83,71,58,64,58,53,86,69,51,29.83,29.78,29.75,10,10,10,18,11,24,"0.01",1,"",160,"MSP"
"2015-9-15",87,77,66,64,59,55,81,58,35,29.9,29.85,29.78,10,10,7,30,17,38,"T",2,"Rain-Thunderstorm",166,"MSP"
"2015-9-16",84,75,65,69,63,57,81,69,57,29.93,29.87,29.81,10,10,5,26,14,33,"0.08",6,"Rain-Thunderstorm",162,"MSP"
"2015-9-17",78,69,60,70,67,56,93,86,78,29.86,29.74,29.69,10,8,1,21,10,28,"2.37",7,"Rain-Thunderstorm",194,"MSP"
"2015-9-18",61,57,53,55,53,49,93,84,75,30,29.95,29.87,10,9,4,17,7,23,"0.37",6,"Rain",324,"MSP"
"2015-9-19",69,59,48,50,46,44,89,66,42,30.13,30.07,30.01,10,10,10,14,6,19,"0.00",2,"",253,"MSP"
"2015-9-20",72,61,50,54,49,46,83,62,41,30.11,30.04,29.98,10,9,2,22,8,27,"0.11",5,"Rain-Thunderstorm",150,"MSP"
"2015-9-21",81,68,55,60,55,50,86,69,51,29.98,29.93,29.87,10,10,10,23,12,28,"0.00",1,"",152,"MSP"
"2015-9-22",74,69,64,65,62,59,93,81,68,30.18,30.09,29.96,10,8,2,15,6,25,"T",7,"",17,"MSP"
"2015-9-23",76,69,62,66,63,60,93,81,68,30.18,30.16,30.14,10,8,4,15,6,21,"0.06",7,"Rain-Thunderstorm",113,"MSP"
"2015-9-24",67,66,64,65,62,60,100,91,81,30.27,30.22,30.17,10,6,2,12,7,14,"0.25",8,"Rain",96,"MSP"
"2015-9-25",78,70,61,62,58,46,93,63,33,30.32,30.28,30.25,10,9,5,13,5,20,"0.00",6,"",57,"MSP"
"2015-9-26",78,68,58,60,56,51,93,66,39,30.27,30.18,30.04,10,8,1,16,7,20,"0.00",1,"",141,"MSP"
"2015-9-27",82,71,59,58,55,53,80,59,37,30.02,29.92,29.81,10,10,10,20,11,25,"0.00",0,"",170,"MSP"
"2015-9-28",77,69,61,63,56,39,78,61,43,30.06,29.92,29.84,10,10,9,16,8,27,"T",6,"Rain",289,"MSP"
"2015-9-29",63,56,48,38,34,29,66,48,29,30.28,30.21,30.09,10,10,9,20,8,24,"0.00",2,"",28,"MSP"
"2015-9-30",63,53,43,40,35,32,70,51,32,30.38,30.33,30.29,10,10,7,15,7,20,"0.00",0,"",93,"MSP"
"2015-10-1",63,54,45,42,38,31,82,57,32,30.5,30.44,30.37,10,10,10,18,8,23,"0.00",0,"",78,"MSP"
"2015-10-2",62,52,41,40,37,34,76,59,42,30.56,30.48,30.37,10,10,10,18,11,24,"0.00",0,"",74,"MSP"
"2015-10-3",60,51,42,39,37,36,82,61,39,30.4,30.33,30.26,10,10,10,21,12,25,"0.00",2,"",82,"MSP"
"2015-10-4",58,50,42,42,40,38,83,69,55,30.34,30.29,30.24,10,10,10,12,6,15,"0.00",5,"",101,"MSP"
"2015-10-5",62,54,45,47,44,42,92,74,55,30.26,30.22,30.16,10,10,9,8,6,11,"0.00",6,"",146,"MSP"
"2015-10-6",69,61,52,51,48,41,77,63,49,30.17,30.13,30.09,10,10,9,14,5,19,"0.00",5,"",259,"MSP"
"2015-10-7",63,53,43,43,40,37,96,68,39,30.26,30.17,29.98,10,10,10,14,5,19,"T",3,"Fog",106,"MSP"
"2015-10-8",66,59,52,58,50,41,100,79,57,30.15,29.95,29.82,10,9,4,23,12,27,"0.33",7,"Rain-Thunderstorm",310,"MSP"
"2015-10-9",56,50,43,46,42,39,93,74,55,30.32,30.25,30.17,10,10,10,14,5,18,"0.00",5,"",293,"MSP"
"2015-10-10",74,58,42,51,45,39,89,64,38,30.18,29.92,29.68,10,10,10,23,11,30,"0.00",4,"",184,"MSP"
"2015-10-11",85,72,58,57,53,44,86,60,34,29.65,29.5,29.33,10,10,6,29,10,43,"0.00",1,"",198,"MSP"
"2015-10-12",66,56,46,44,41,38,86,63,40,29.72,29.53,29.41,10,10,9,35,19,45,"T",7,"Rain",276,"MSP"
"2015-10-13",60,52,43,39,37,34,83,61,39,29.95,29.82,29.72,10,10,10,21,10,27,"0.00",5,"",312,"MSP"
"2015-10-14",68,54,39,40,35,30,92,59,26,30.01,29.97,29.93,10,10,10,24,8,29,"0.00",1,"",251,"MSP"
"2015-10-15",61,52,42,35,32,24,61,47,33,30.29,30.08,29.94,10,10,10,30,14,38,"0.00",2,"",292,"MSP"
"2015-10-16",48,41,33,26,24,21,75,56,37,30.47,30.42,30.3,10,10,10,26,11,31,"0.00",1,"",315,"MSP"
"2015-10-17",56,44,31,32,27,24,82,56,30,30.52,30.44,30.38,10,10,10,16,4,21,"0.00",1,"",261,"MSP"
"2015-10-18",63,49,35,31,28,25,82,53,23,30.4,30.26,29.98,10,10,9,25,11,32,"0.00",0,"",148,"MSP"
"2015-10-19",76,64,51,55,43,31,83,60,36,29.95,29.81,29.75,10,9,8,17,7,23,"T",3,"",188,"MSP"
"2015-10-20",69,60,50,50,48,47,89,68,47,29.95,29.91,29.83,10,8,7,14,7,20,"T",4,"",56,"MSP"
"2015-10-21",63,54,44,51,45,37,83,67,51,30.21,30.03,29.91,10,9,7,21,9,27,"T",3,"",270,"MSP"
"2015-10-22",63,52,40,39,35,31,85,58,30,30.33,30.26,30.2,10,10,8,10,4,17,"0.00",1,"",155,"MSP"
"2015-10-23",54,52,49,52,46,35,100,75,50,30.18,29.9,29.7,10,6,2,21,12,26,"0.94",8,"Rain",117,"MSP"
"2015-10-24",57,50,42,53,45,36,100,76,51,30.2,29.86,29.67,10,8,2,25,12,34,"0.24",6,"Rain",313,"MSP"
"2015-10-25",56,47,38,44,39,36,92,73,54,30.4,30.32,30.24,10,10,8,12,4,14,"0.01",6,"Rain",130,"MSP"
"2015-10-26",59,54,48,43,41,38,80,64,47,30.31,30.26,30.21,10,10,10,17,8,22,"0.01",8,"Rain",126,"MSP"
"2015-10-27",55,51,47,46,40,37,93,74,55,30.23,30.05,29.8,10,9,4,20,10,23,"0.35",8,"Rain",101,"MSP"
"2015-10-28",47,41,34,46,38,32,100,93,85,29.75,29.47,29.37,10,6,2,31,13,40,"0.38",8,"Rain-Snow",292,"MSP"
"2015-10-29",49,42,35,43,39,33,92,84,76,30,29.72,29.37,10,9,7,24,12,30,"0.01",8,"Rain-Snow",295,"MSP"
"2015-10-30",53,47,40,41,38,36,89,74,59,30.05,29.98,29.85,10,10,8,20,10,26,"0.01",7,"Rain",196,"MSP"
"2015-10-31",51,48,44,45,43,36,93,77,61,29.83,29.65,29.53,10,7,1,21,10,27,"0.33",7,"Rain",194,"MSP"
"2015-11-1",56,48,40,43,39,35,85,70,55,29.85,29.76,29.59,10,10,10,21,7,26,"0.00",5,"",210,"MSP"
"2015-11-2",70,58,45,48,46,43,93,68,42,29.91,29.84,29.78,10,10,8,13,4,15,"0.00",4,"",135,"MSP"
"2015-11-3",71,58,45,52,48,44,93,69,44,29.96,29.91,29.85,10,8,4,21,9,28,"0.00",0,"",135,"MSP"
"2015-11-4",62,57,52,55,53,50,96,87,78,29.88,29.85,29.81,9,8,7,20,12,26,"0.00",6,"",161,"MSP"
"2015-11-5",65,54,42,57,50,34,84,75,66,29.81,29.67,29.57,10,9,6,25,15,32,"0.01",7,"Rain-Thunderstorm",212,"MSP"
"2015-11-6",47,43,39,35,33,31,79,70,60,30.19,30.02,29.77,10,10,8,20,11,25,"0.00",7,"",271,"MSP"
"2015-11-7",50,42,33,30,28,25,79,61,42,30.35,30.29,30.19,10,10,9,17,9,22,"0.00",2,"",249,"MSP"
"2015-11-8",59,51,43,32,30,25,58,47,36,30.27,30.16,30.08,10,10,10,22,12,30,"0.00",0,"",187,"MSP"
"2015-11-9",62,53,44,37,33,30,59,48,36,30.1,30.06,30.03,10,10,10,15,10,22,"0.00",0,"",181,"MSP"
"2015-11-10",61,50,38,36,33,30,70,53,35,30.06,29.93,29.83,10,10,10,21,9,26,"0.00",5,"",143,"MSP"
"2015-11-11",53,48,42,46,40,34,93,76,59,29.81,29.51,29.21,10,6,1,26,10,34,"1.73",6,"Rain-Thunderstorm",50,"MSP"
"2015-11-12",45,41,37,42,33,25,93,76,59,29.97,29.69,29.21,10,9,3,31,22,42,"0.37",8,"Rain",294,"MSP"
"2015-11-13",45,38,31,28,25,20,78,58,37,30.18,30.12,29.98,10,10,10,23,11,31,"0.00",1,"",269,"MSP"
"2015-11-14",57,45,32,41,33,24,72,60,47,30.12,30.03,29.97,10,10,10,13,6,18,"0.00",3,"",162,"MSP"
"2015-11-15",62,50,38,44,39,35,85,66,46,30.03,29.98,29.93,10,10,10,20,9,24,"0.00",2,"",152,"MSP"
"2015-11-16",53,50,47,47,46,43,93,82,71,29.93,29.83,29.78,10,7,2,21,14,27,"0.17",8,"Rain-Thunderstorm",143,"MSP"
"2015-11-17",55,52,49,54,50,47,100,95,89,29.79,29.61,29.39,10,5,2,24,13,32,"1.21",8,"Rain-Thunderstorm",118,"MSP"
"2015-11-18",59,48,37,55,44,32,100,85,70,29.43,29.2,29.08,10,7,2,29,17,37,"0.50",8,"Rain",185,"MSP"
"2015-11-19",37,34,30,31,17,9,82,59,36,30.01,29.78,29.5,10,10,5,33,21,48,"T",5,"Rain",266,"MSP"
"2015-11-20",31,28,25,17,14,9,68,54,39,30.36,30.24,30.05,10,10,10,26,9,33,"0.00",6,"",274,"MSP"
"2015-11-21",28,22,15,17,12,10,88,69,50,30.38,30.27,30.1,10,10,2,15,8,19,"T",4,"Snow",288,"MSP"
"2015-11-22",34,26,17,21,18,14,84,70,56,30.12,29.96,29.86,10,10,8,15,7,20,"0.00",5,"",164,"MSP"
"2015-11-23",46,36,25,30,27,20,88,71,53,30.21,30.04,29.86,10,10,8,15,6,19,"0.00",3,"",260,"MSP"
"2015-11-24",46,37,28,30,28,26,92,73,53,30.23,30.14,29.99,10,9,7,21,10,24,"0.00",5,"",118,"MSP"
"2015-11-25",51,42,33,39,35,28,85,71,56,30.12,29.96,29.88,10,8,5,16,9,21,"0.00",7,"",203,"MSP"
"2015-11-26",40,32,24,34,27,18,92,82,72,30.51,30.28,30.12,10,4,0,20,14,24,"0.12",8,"Fog-Snow",346,"MSP"
"2015-11-27",27,23,18,17,13,12,80,68,55,30.67,30.61,30.53,10,10,10,17,7,23,"0.00",3,"",347,"MSP"
"2015-11-28",30,22,14,17,14,10,88,71,53,30.57,30.48,30.43,10,10,7,10,4,14,"0.00",0,"",212,"MSP"
"2015-11-29",34,27,19,23,20,12,81,69,56,30.43,30.39,30.31,10,9,8,8,4,13,"0.00",7,"",121,"MSP"
"2015-11-30",35,32,28,31,29,23,100,86,72,30.31,30.04,29.76,10,4,0,16,9,22,"0.41",8,"Fog-Snow",78,"MSP"
"2015-12-1",34,30,26,33,28,24,96,87,78,29.76,29.71,29.65,10,7,1,13,7,17,"0.09",8,"Rain-Snow",162,"MSP"
"2015-12-2",36,32,28,32,29,25,92,84,75,30.13,29.92,29.77,10,7,4,12,6,15,"T",8,"Snow",274,"MSP"
"2015-12-3",35,29,22,28,22,19,96,79,61,30.33,30.24,30.12,10,8,4,12,6,14,"0.00",3,"",211,"MSP"
"2015-12-4",47,35,22,33,26,18,89,69,49,30.38,30.35,30.32,10,9,7,15,8,20,"0.00",0,"",152,"MSP"
"2015-12-5",44,41,38,37,34,32,86,76,65,30.34,30.3,30.26,10,10,6,18,11,23,"0.00",6,"",175,"MSP"
"2015-12-6",40,36,32,37,33,30,92,87,82,30.31,30.28,30.25,10,6,4,8,4,12,"0.00",8,"",251,"MSP"
"2015-12-7",46,39,31,36,32,29,92,79,65,30.24,29.98,29.82,10,9,4,24,11,32,"0.00",6,"",163,"MSP"
"2015-12-8",42,36,29,39,33,27,100,90,79,29.82,29.71,29.65,10,9,5,10,5,14,"0.08",7,"Rain",156,"MSP"
"2015-12-9",47,39,30,38,33,28,96,83,70,29.73,29.62,29.44,10,9,6,13,7,16,"0.00",5,"",195,"MSP"
"2015-12-10",47,42,37,40,36,31,89,75,60,29.55,29.36,29.26,10,10,7,25,11,35,"0.16",7,"Rain",259,"MSP"
"2015-12-11",39,38,36,32,31,31,82,79,76,29.86,29.74,29.54,10,10,10,15,9,21,"0.00",8,"",60,"MSP"
"2015-12-12",41,38,35,38,35,32,92,83,73,30.04,29.98,29.84,10,7,2,10,5,21,"T",8,"",16,"MSP"
"2015-12-13",40,39,38,38,37,36,92,92,92,29.92,29.72,29.53,10,8,2,21,10,27,"0.12",8,"Rain",15,"MSP"
"2015-12-14",39,36,32,36,31,26,92,84,75,29.78,29.44,29.24,10,9,4,30,18,39,"0.63",8,"Rain-Snow",359,"MSP"
"2015-12-15",35,33,31,32,28,26,89,82,75,29.96,29.85,29.7,10,9,2,21,11,27,"0.01",8,"Rain-Snow",60,"MSP"
"2015-12-16",41,33,24,38,31,15,96,85,74,29.69,29.42,29.27,10,7,1,28,14,35,"0.37",8,"Rain-Snow-Thunderstorm",187,"MSP"
"2015-12-17",29,23,17,20,15,6,75,69,62,29.93,29.86,29.73,10,9,4,26,15,33,"T",8,"Snow",267,"MSP"
"2015-12-18",22,16,9,14,7,2,74,63,52,30.25,30.01,29.88,10,8,1,23,13,29,"T",6,"Snow",273,"MSP"
"2015-12-19",28,18,8,18,8,2,80,65,50,30.37,30.24,30.03,10,10,9,15,8,21,"0.00",4,"",181,"MSP"
"2015-12-20",41,34,27,32,28,19,85,74,63,29.99,29.79,29.7,10,9,5,14,7,22,"0.00",8,"",71,"MSP"
"2015-12-21",33,32,30,28,27,25,85,77,69,29.88,29.83,29.76,10,8,1,15,8,22,"0.02",8,"Snow",5,"MSP"
"2015-12-22",35,33,30,31,28,26,92,87,82,29.81,29.66,29.48,10,7,2,24,13,31,"T",8,"Snow",152,"MSP"
"2015-12-23",36,32,27,35,31,21,100,89,78,29.49,29.31,29.18,10,4,1,26,11,33,"0.38",8,"Rain-Snow",335,"MSP"
"2015-12-24",27,25,23,20,18,17,81,78,74,30.15,29.86,29.46,10,10,10,25,11,32,"0.00",8,"",261,"MSP"
"2015-12-25",30,28,25,25,24,19,92,84,75,30.42,30.29,30.15,10,8,6,12,7,NA,"0.00",8,"",138,"MSP"
"2015-12-26",32,30,28,27,25,23,85,79,72,30.44,30.32,30.26,10,9,4,16,10,25,"0.09",8,"Snow",14,"MSP"
"2015-12-27",28,20,12,23,11,4,88,68,47,30.59,30.53,30.41,10,10,10,16,9,22,"0.00",4,"",338,"MSP"
"2015-12-28",23,18,12,18,14,6,91,81,70,30.54,30.13,29.87,10,6,0,22,12,28,"0.21",8,"Fog-Snow",28,"MSP"
"2015-12-29",27,24,20,22,20,16,92,87,81,30.23,30.06,29.88,10,6,1,16,9,22,"0.15",8,"Snow",357,"MSP"
"2015-12-30",25,21,16,20,18,12,92,83,74,30.25,30.22,30.15,10,8,4,13,6,16,"T",7,"Snow",291,"MSP"
"2015-12-31",20,14,7,14,9,3,92,80,67,30.28,30.22,30.16,10,6,0,16,9,21,"0.01",6,"Fog-Snow",239,"MSP"
"2014-12-1",66,49,31,45,23,19,87,64,41,30.48,30.4,30.13,10,10,10,26,17,31,"0.00",6,"",343,"DFW"
"2014-12-2",48,40,31,40,25,18,66,54,41,30.45,30.29,30.14,10,10,10,14,6,16,"0.00",7,"",158,"DFW"
"2014-12-3",57,53,48,54,49,41,93,82,71,30.21,30.15,30.11,10,9,7,15,8,18,"0.00",8,"",153,"DFW"
"2014-12-4",64,60,55,59,56,53,100,92,84,30.18,30.1,30.03,10,6,1,18,8,21,"0.01",8,"Rain",164,"DFW"
"2014-12-5",77,66,55,65,59,52,100,77,54,30.21,30.03,29.95,10,8,0,24,13,28,"0.02",7,"Rain",191,"DFW"
"2014-12-6",65,55,45,49,47,43,93,73,52,30.41,30.35,30.22,10,10,9,21,13,24,"0.00",6,"",11,"DFW"
"2014-12-7",52,47,42,46,45,41,100,89,77,30.41,30.34,30.27,10,8,3,14,7,16,"T",7,"",15,"DFW"
"2014-12-8",56,48,40,47,45,42,100,86,71,30.37,30.32,30.28,10,8,2,13,6,15,"0.00",5,"",324,"DFW"
"2014-12-9",55,46,36,47,42,37,100,89,77,30.38,30.31,30.25,10,2,0,9,2,11,"0.00",6,"Fog",330,"DFW"
"2014-12-10",56,48,40,47,45,41,100,86,72,30.25,30.19,30.13,10,7,2,13,5,15,"T",7,"Fog",110,"DFW"
"2014-12-11",66,58,50,58,53,47,90,79,68,30.19,30.16,30.11,10,9,6,14,7,16,"0.00",7,"",164,"DFW"
"2014-12-12",71,65,58,58,57,56,93,80,66,30.24,30.18,30.14,10,10,10,16,9,21,"T",7,"Rain",171,"DFW"
"2014-12-13",71,64,57,58,55,53,90,76,61,30.19,30.12,30.02,10,10,8,24,13,26,"0.00",6,"",170,"DFW"
"2014-12-14",67,64,61,62,60,56,97,88,78,30.03,29.89,29.76,10,9,2,23,13,29,"0.09",7,"Rain",176,"DFW"
"2014-12-15",65,57,49,60,37,29,90,60,30,30.17,29.96,29.79,10,10,10,24,14,30,"0.02",1,"Rain",276,"DFW"
"2014-12-16",53,46,39,32,29,26,70,56,41,30.38,30.3,30.18,10,10,10,25,11,31,"0.00",5,"",351,"DFW"
"2014-12-17",47,44,40,41,37,31,96,77,58,30.29,30.18,30.05,10,7,2,18,7,21,"0.37",8,"Rain-Thunderstorm",83,"DFW"
"2014-12-18",49,45,41,45,43,40,100,90,80,30.18,30.14,30.09,10,5,1,12,6,14,"0.01",8,"Rain",68,"DFW"
"2014-12-19",49,47,45,45,44,42,100,93,86,30.22,30.17,30.13,10,7,2,16,8,19,"0.13",8,"Rain",15,"DFW"
"2014-12-20",47,46,44,44,42,41,93,88,82,30.26,30.2,30.17,10,8,2,10,5,13,"T",8,"Rain",32,"DFW"
"2014-12-21",53,50,47,48,45,43,93,85,77,30.15,29.96,29.7,10,9,6,21,12,26,"T",8,"",160,"DFW"
"2014-12-22",65,57,49,50,45,41,93,70,46,29.71,29.62,29.55,10,10,10,29,13,34,"0.00",5,"",251,"DFW"
"2014-12-23",53,49,44,44,37,29,92,68,44,29.94,29.81,29.67,10,9,4,23,12,27,"0.47",8,"Rain",336,"DFW"
"2014-12-24",51,44,36,33,30,28,73,58,42,30.05,30.01,29.94,10,10,10,26,14,31,"0.00",4,"",289,"DFW"
"2014-12-25",62,48,34,43,30,26,82,55,27,30.01,29.95,29.88,10,10,10,36,18,42,"0.00",4,"",180,"DFW"
"2014-12-26",66,58,50,61,55,43,93,82,71,29.97,29.92,29.84,10,8,2,18,10,21,"0.01",7,"Rain",141,"DFW"
"2014-12-27",62,49,35,61,39,25,93,79,64,30.32,30.15,29.97,10,8,1,29,16,33,"T",8,"Rain",344,"DFW"
"2014-12-28",49,41,33,25,24,20,69,50,31,30.3,30.22,30.14,10,10,10,14,7,17,"0.00",4,"",333,"DFW"
"2014-12-29",52,41,29,37,31,25,92,69,46,30.25,30.13,30.05,10,10,6,15,8,19,"0.00",4,"",116,"DFW"
"2014-12-30",46,41,36,37,30,26,86,68,49,30.54,30.44,30.27,10,10,10,22,13,26,"0.00",8,"",39,"DFW"
"2014-12-31",36,34,32,25,24,23,72,66,59,30.62,30.53,30.42,10,10,8,23,12,27,"T",8,"",11,"DFW"
"2015-1-1",36,34,31,35,31,23,96,80,64,30.41,30.28,30.2,10,4,1,10,6,12,"0.59",8,"Rain",17,"DFW"
"2015-1-2",40,38,36,40,37,35,100,96,92,30.22,30.11,29.92,10,4,1,15,9,19,"0.37",8,"Rain-Thunderstorm",6,"DFW"
"2015-1-3",54,46,38,39,37,33,100,75,50,30.11,29.94,29.85,10,10,6,15,9,18,"0.33",6,"Rain-Thunderstorm",267,"DFW"
"2015-1-4",42,35,28,33,22,14,79,62,44,30.68,30.48,30.14,10,10,10,30,16,35,"0.00",2,"",342,"DFW"
"2015-1-5",46,34,21,27,19,13,74,54,33,30.71,30.55,30.32,10,10,10,20,9,24,"0.00",4,"",139,"DFW"
"2015-1-6",58,44,30,34,31,25,78,59,40,30.43,30.36,30.31,10,10,10,17,7,20,"0.00",3,"",19,"DFW"
"2015-1-7",40,31,22,28,13,1,75,51,26,30.89,30.69,30.39,10,10,10,36,21,43,"0.00",2,"",8,"DFW"
"2015-1-8",38,27,16,16,9,2,56,44,32,30.82,30.49,30.27,10,10,10,23,10,29,"0.00",2,"",154,"DFW"
"2015-1-9",39,33,27,21,13,6,63,48,32,30.58,30.51,30.34,10,10,10,22,11,26,"0.00",7,"",21,"DFW"
"2015-1-10",38,35,31,31,18,4,89,60,31,30.55,30.43,30.3,10,9,6,15,8,18,"0.05",8,"Rain",131,"DFW"
"2015-1-11",42,38,33,41,36,32,100,95,89,30.3,30.19,30.09,9,5,1,13,6,15,"0.37",8,"Rain",135,"DFW"
"2015-1-12",44,40,35,41,35,27,100,85,70,30.47,30.33,30.17,10,8,0,23,14,27,"T",8,"Rain",11,"DFW"
"2015-1-13",39,35,31,29,28,25,85,75,64,30.51,30.45,30.39,10,9,4,18,10,23,"T",8,"Rain",2,"DFW"
"2015-1-14",41,39,36,29,24,17,75,60,44,30.41,30.35,30.27,10,10,10,13,8,14,"0.00",8,"",347,"DFW"
"2015-1-15",56,45,34,32,27,17,69,54,38,30.37,30.3,30.27,10,10,10,16,7,18,"0.00",2,"",307,"DFW"
"2015-1-16",63,47,31,37,32,28,85,58,30,30.32,30.22,30.09,10,10,10,16,7,20,"0.00",4,"",202,"DFW"
"2015-1-17",68,54,39,38,34,29,85,55,24,30.25,30.05,29.95,10,10,10,25,13,30,"0.00",1,"",254,"DFW"
"2015-1-18",70,52,33,32,27,24,75,47,18,30.32,30.21,30.07,10,10,10,20,9,24,"0.00",1,"",210,"DFW"
"2015-1-19",69,54,38,39,33,28,70,48,26,30.06,29.98,29.92,10,10,10,16,7,18,"0.00",1,"",179,"DFW"
"2015-1-20",70,55,39,46,40,31,85,63,40,30.13,29.97,29.9,10,10,9,22,8,27,"0.00",1,"",36,"DFW"
"2015-1-21",61,51,40,46,37,32,93,64,35,30.22,30.15,30.1,10,9,5,16,11,21,"0.32",7,"Rain",43,"DFW"
"2015-1-22",47,42,36,44,39,34,100,91,82,30.31,30.25,30.14,10,7,3,30,16,36,"1.05",8,"Rain",33,"DFW"
"2015-1-23",52,45,38,36,32,26,85,62,38,30.28,30.21,30.16,10,10,10,23,11,28,"0.00",5,"",326,"DFW"
"2015-1-24",60,47,33,36,32,28,89,63,37,30.18,30.1,29.98,10,10,10,14,8,16,"0.00",3,"",255,"DFW"
"2015-1-25",64,53,41,36,29,23,79,51,22,30.19,30.03,29.92,10,10,10,33,15,39,"0.00",1,"",301,"DFW"
"2015-1-26",72,53,34,37,32,26,70,49,28,30.22,30.13,30.06,10,10,10,14,8,17,"0.00",1,"",251,"DFW"
"2015-1-27",78,60,41,41,38,35,76,49,22,30.18,30.11,30.07,10,10,10,10,4,13,"0.00",2,"",194,"DFW"
"2015-1-28",80,64,47,43,41,39,71,48,25,30.11,30.03,29.94,10,10,10,24,13,30,"0.00",2,"",183,"DFW"
"2015-1-29",69,59,49,40,36,30,59,46,32,30.48,30.25,30.02,10,10,10,24,15,31,"0.00",6,"",356,"DFW"
"2015-1-30",57,49,40,32,30,28,70,53,35,30.5,30.4,30.29,10,10,10,16,9,21,"0.00",7,"",67,"DFW"
"2015-1-31",54,51,47,52,41,29,100,71,42,30.27,30.05,29.86,10,6,1,18,11,22,"0.54",8,"Rain",135,"DFW"
"2015-2-1",58,46,34,56,43,19,100,73,45,30.31,29.99,29.82,10,9,6,31,16,36,"0.10",6,"Rain",301,"DFW"
"2015-2-2",42,33,24,24,18,14,68,52,36,30.45,30.35,30.28,10,10,10,25,10,31,"0.00",3,"",20,"DFW"
"2015-2-3",54,43,31,34,27,24,75,55,35,30.31,30.22,30.15,10,10,10,18,10,22,"0.00",7,"",165,"DFW"
"2015-2-4",57,47,37,46,41,35,93,80,66,30.3,30.11,30,10,7,2,26,12,32,"T",7,"Rain",214,"DFW"
"2015-2-5",37,33,29,34,27,24,92,81,69,30.49,30.4,30.31,10,7,4,23,9,27,"T",8,"",341,"DFW"
"2015-2-6",58,45,32,40,33,26,82,65,47,30.4,30.29,30.12,10,9,6,17,10,23,"0.00",5,"",176,"DFW"
"2015-2-7",69,56,42,48,44,40,89,67,44,30.11,29.94,29.83,10,9,5,29,18,35,"0.00",0,"",180,"DFW"
"2015-2-8",73,62,51,54,49,47,96,70,44,29.99,29.86,29.76,10,9,5,23,9,28,"0.00",0,"",211,"DFW"
"2015-2-9",75,61,46,49,41,38,80,54,27,30.14,30.06,29.99,10,10,10,16,9,20,"0.00",1,"",13,"DFW"
"2015-2-10",75,60,45,44,41,38,76,54,31,30.05,29.95,29.85,10,10,10,22,10,26,"0.00",0,"",143,"DFW"
"2015-2-11",67,56,45,47,42,30,86,64,42,30.32,30.08,29.88,10,10,9,25,13,32,"0.00",2,"",44,"DFW"
"2015-2-12",55,46,36,30,25,19,64,46,28,30.49,30.39,30.32,10,10,10,23,11,30,"0.00",2,"",10,"DFW"
"2015-2-13",67,51,35,38,31,24,70,50,29,30.36,30.26,30.15,10,10,10,18,7,23,"0.00",1,"",197,"DFW"
"2015-2-14",78,59,40,41,37,33,76,49,21,30.25,30.16,30.07,10,10,10,14,7,17,"0.00",1,"",211,"DFW"
"2015-2-15",73,62,50,58,52,42,84,67,49,30.06,29.96,29.85,10,10,7,28,13,33,"T",7,"Rain",185,"DFW"
"2015-2-16",62,46,29,50,30,24,93,81,69,30.2,30.05,29.87,10,8,2,29,18,37,"0.22",7,"Rain",345,"DFW"
"2015-2-17",54,41,28,40,29,22,83,62,41,30.28,30.21,30.13,10,10,10,32,8,41,"0.05",6,"Rain-Thunderstorm",334,"DFW"
"2015-2-18",57,44,30,35,31,22,89,60,27,30.37,30.3,30.24,10,10,10,10,3,12,"0.00",0,"",39,"DFW"
"2015-2-19",60,46,32,39,29,19,66,53,40,30.39,30.24,30.04,10,10,10,22,12,25,"0.00",3,"",124,"DFW"
"2015-2-20",70,58,46,59,51,38,93,75,57,30.04,29.83,29.65,10,9,2,36,18,42,"T",7,"",160,"DFW"
"2015-2-21",67,57,46,59,46,38,84,71,57,30.04,29.86,29.64,10,10,7,30,15,39,"0.00",7,"",335,"DFW"
"2015-2-22",50,40,29,41,34,26,96,83,70,30.5,30.25,30.02,10,6,1,29,17,35,"1.30",8,"Rain-Snow",23,"DFW"
"2015-2-23",30,28,26,25,23,21,85,83,81,30.58,30.51,30.41,10,5,1,30,16,36,"0.17",8,"Rain-Snow",5,"DFW"
"2015-2-24",37,31,25,27,23,21,88,76,64,30.41,30.23,30.02,10,10,6,14,6,17,"T",8,"",350,"DFW"
"2015-2-25",52,42,32,36,32,28,92,72,52,29.99,29.91,29.8,10,5,0,12,4,14,"0.66",6,"Rain-Snow",22,"DFW"
"2015-2-26",38,34,30,34,22,11,92,68,43,30.43,30.23,29.92,10,9,5,28,16,34,"T",7,"Snow",14,"DFW"
"2015-2-27",30,27,24,23,19,10,88,66,43,30.53,30.46,30.42,10,4,0,20,12,25,"0.26",8,"Rain-Snow",43,"DFW"
"2015-2-28",32,29,26,30,26,23,100,92,84,30.43,30.37,30.3,10,5,1,12,7,13,"0.20",8,"Rain",40,"DFW"
"2015-3-1",37,35,32,34,32,30,96,91,85,30.4,30.34,30.29,10,5,1,17,10,21,"0.07",8,"Rain-Snow",2,"DFW"
"2015-3-2",40,37,33,40,36,32,100,93,85,30.4,30.29,30.15,10,2,0,18,7,23,"0.03",8,"Fog-Rain",359,"DFW"
"2015-3-3",52,46,40,52,46,39,100,97,93,30.11,29.93,29.82,6,3,0,12,4,16,"0.05",8,"Fog-Rain",183,"DFW"
"2015-3-4",52,39,26,51,37,25,100,96,92,30.34,30.03,29.82,10,4,0,33,17,41,"0.70",8,"Fog-Rain-Snow-Thunderstorm",12,"DFW"
"2015-3-5",39,31,22,25,20,14,92,68,44,30.64,30.53,30.36,10,9,0,25,11,33,"0.06",3,"Snow",5,"DFW"
"2015-3-6",51,37,22,29,23,19,88,60,32,30.61,30.53,30.45,10,10,9,12,6,16,"0.00",0,"",200,"DFW"
"2015-3-7",61,45,28,35,30,25,82,57,32,30.46,30.37,30.27,10,10,10,16,7,19,"0.00",5,"",186,"DFW"
"2015-3-8",50,48,46,47,43,32,100,75,50,30.24,30.15,30.07,10,7,0,16,9,19,"0.08",8,"Rain",144,"DFW"
"2015-3-9",50,49,47,48,47,46,100,97,93,30.07,29.99,29.88,10,4,0,14,8,16,"0.65",8,"Rain",56,"DFW"
"2015-3-10",59,54,49,50,49,48,100,86,72,30.14,30.02,29.93,10,6,0,14,6,16,"T",8,"Rain",337,"DFW"
"2015-3-11",68,56,44,52,47,44,100,76,52,30.29,30.2,30.14,10,7,0,15,6,18,"0.00",6,"Fog",18,"DFW"
"2015-3-12",69,59,49,55,50,45,89,71,53,30.21,30.11,30.01,10,10,10,17,9,22,"T",5,"Rain",22,"DFW"
"2015-3-13",60,57,54,55,54,53,93,86,78,30.05,29.99,29.95,10,8,2,20,12,24,"0.34",8,"Rain",337,"DFW"
"2015-3-14",64,60,55,53,50,48,93,77,60,30.19,30.07,29.99,10,10,10,28,15,34,"0.00",8,"",343,"DFW"
"2015-3-15",68,61,54,54,52,48,86,75,63,30.31,30.24,30.19,10,10,10,16,6,21,"T",8,"",7,"DFW"
"2015-3-16",77,64,50,56,52,48,100,71,41,30.25,30.17,30.06,10,10,6,15,8,19,"0.00",6,"",191,"DFW"
"2015-3-17",81,71,60,63,59,54,90,68,45,30.14,30.06,30.01,10,10,9,15,6,19,"0.00",7,"",181,"DFW"
"2015-3-18",66,61,55,56,53,49,87,77,67,30.06,30,29.93,10,10,7,14,6,16,"0.03",7,"Rain",352,"DFW"
"2015-3-19",77,67,56,64,60,54,100,80,60,29.99,29.94,29.87,10,6,0,16,7,19,"T",8,"Rain",99,"DFW"
"2015-3-20",61,57,53,58,53,51,100,93,86,30.18,30.11,29.99,10,8,1,24,10,28,"0.40",8,"Rain",7,"DFW"
"2015-3-21",63,58,53,56,53,50,93,86,78,30.16,30.09,30.03,10,9,4,13,7,15,"0.06",8,"Rain",18,"DFW"
"2015-3-22",69,61,52,54,52,51,100,78,55,30.06,30.02,29.98,10,9,2,10,5,12,"0.06",6,"Rain",349,"DFW"
"2015-3-23",75,63,51,55,53,49,93,70,46,30.14,30.05,29.96,10,10,10,15,9,20,"0.00",1,"",153,"DFW"
"2015-3-24",82,71,59,64,59,52,90,71,51,29.95,29.88,29.8,10,10,10,25,14,31,"0.00",2,"",178,"DFW"
"2015-3-25",81,72,63,61,60,57,93,69,45,29.91,29.83,29.73,10,10,10,26,15,33,"T",4,"",168,"DFW"
"2015-3-26",72,61,49,61,42,29,77,52,27,30.15,30.03,29.81,10,10,6,33,19,41,"T",5,"Rain-Thunderstorm",340,"DFW"
"2015-3-27",70,57,43,42,38,33,71,52,32,30.19,30.13,30.06,10,10,10,18,9,24,"0.00",4,"",360,"DFW"
"2015-3-28",81,63,45,50,44,38,76,56,35,30.15,30.03,29.93,10,10,10,17,10,20,"0.00",2,"",159,"DFW"
"2015-3-29",83,68,53,59,52,45,77,60,42,30.06,29.98,29.9,10,10,10,28,13,34,"0.00",1,"",155,"DFW"
"2015-3-30",75,67,58,63,60,55,87,76,64,30.16,30.08,29.99,10,10,10,14,7,18,"0.00",6,"",141,"DFW"
"2015-3-31",83,73,63,65,62,59,93,72,51,29.99,29.92,29.84,10,10,10,24,14,30,"0.00",5,"Rain",184,"DFW"
"2015-4-1",79,72,65,67,63,61,93,77,60,29.9,29.84,29.77,10,9,3,25,13,32,"0.10",6,"Rain-Thunderstorm",176,"DFW"
"2015-4-2",83,76,68,68,66,64,87,73,58,29.86,29.8,29.74,10,10,9,28,20,38,"0.00",6,"",180,"DFW"
"2015-4-3",73,65,57,66,56,41,87,66,44,30.27,29.98,29.79,10,10,2,26,19,32,"0.00",6,"",277,"DFW"
"2015-4-4",68,58,47,40,36,32,61,44,27,30.4,30.28,30.14,10,10,10,18,9,24,"T",6,"Rain",68,"DFW"
"2015-4-5",61,56,51,57,52,39,100,73,46,30.16,30.01,29.9,10,7,0,17,9,21,"0.75",8,"Rain-Thunderstorm",132,"DFW"
"2015-4-6",83,71,58,66,63,58,100,79,58,29.91,29.86,29.81,10,6,0,31,17,40,"T",7,"Rain",175,"DFW"
"2015-4-7",80,75,70,67,66,65,90,76,62,29.95,29.89,29.84,10,10,9,25,16,32,"0.00",5,"",178,"DFW"
"2015-4-8",76,72,67,68,66,64,93,81,69,29.92,29.85,29.72,10,10,7,28,17,36,"T",7,"Rain",177,"DFW"
"2015-4-9",83,74,65,68,64,46,93,71,48,30.02,29.83,29.75,10,10,10,23,12,28,"0.09",6,"Rain-Thunderstorm",200,"DFW"
"2015-4-10",70,61,52,49,43,39,72,56,40,30.21,30.11,30.05,10,10,10,23,9,29,"0.00",6,"",51,"DFW"
"2015-4-11",75,64,52,60,54,48,89,75,61,30.15,30.06,29.95,10,10,10,15,8,18,"0.00",6,"",125,"DFW"
"2015-4-12",78,72,65,68,65,57,93,81,68,29.96,29.89,29.78,10,10,6,20,10,24,"0.02",7,"Rain",154,"DFW"
"2015-4-13",70,64,58,70,64,55,100,87,73,30.06,29.87,29.8,10,6,1,35,14,40,"1.08",8,"Rain-Thunderstorm",70,"DFW"
"2015-4-14",60,58,55,56,53,51,86,82,78,30.09,30.03,29.98,10,10,8,18,9,26,"0.03",8,"Rain",334,"DFW"
"2015-4-15",75,66,56,56,53,50,93,71,49,30,29.95,29.87,10,10,10,14,7,18,"0.00",4,"",230,"DFW"
"2015-4-16",78,69,59,65,61,55,90,80,69,29.99,29.92,29.79,10,10,7,18,9,23,"T",6,"Rain",127,"DFW"
"2015-4-17",72,66,59,64,62,58,97,88,79,30.02,29.94,29.89,10,9,2,22,9,27,"0.53",7,"Rain-Thunderstorm",119,"DFW"
"2015-4-18",81,70,58,63,60,56,100,77,54,29.93,29.83,29.72,10,9,2,44,6,55,"0.48",6,"Rain-Thunderstorm",147,"DFW"
"2015-4-19",77,66,54,63,55,46,100,68,36,29.91,29.74,29.69,10,10,10,30,15,36,"0.00",3,"Rain",240,"DFW"
"2015-4-20",69,58,46,43,41,37,80,56,32,30.04,29.98,29.93,10,10,10,16,7,20,"0.00",2,"",358,"DFW"
"2015-4-21",73,61,48,55,49,43,78,64,49,30.03,29.96,29.86,10,10,10,17,8,23,"0.05",4,"Rain-Thunderstorm",136,"DFW"
"2015-4-22",77,68,58,65,61,54,93,81,69,29.96,29.88,29.81,10,10,7,22,9,25,"0.00",6,"",121,"DFW"
"2015-4-23",74,70,65,67,66,64,100,90,79,29.95,29.88,29.82,10,8,1,23,10,31,"0.50",8,"Rain-Thunderstorm",100,"DFW"
"2015-4-24",68,64,59,67,64,60,100,97,93,29.88,29.79,29.61,10,6,0,31,9,39,"1.03",8,"Fog-Rain-Thunderstorm",85,"DFW"
"2015-4-25",87,71,55,60,53,44,100,61,22,29.72,29.66,29.61,10,10,9,23,11,31,"0.00",1,"",233,"DFW"
"2015-4-26",84,71,58,68,60,51,90,72,54,29.68,29.63,29.51,10,10,10,28,9,34,"0.02",4,"Rain-Thunderstorm",171,"DFW"
"2015-4-27",73,64,54,62,58,52,100,75,49,29.88,29.73,29.61,10,8,0,31,14,39,"0.83",7,"Fog-Rain-Thunderstorm",50,"DFW"
"2015-4-28",59,54,49,52,48,43,96,79,61,30.09,30.02,29.89,10,10,5,21,13,26,"0.05",7,"Rain",18,"DFW"
"2015-4-29",75,62,49,50,46,43,86,60,33,30.09,30.01,29.94,10,10,10,16,9,21,"0.00",1,"",320,"DFW"
"2015-4-30",78,65,51,54,50,46,89,61,33,30.01,29.96,29.92,10,10,10,9,4,12,"0.00",1,"",223,"DFW"
"2015-5-1",82,68,54,57,52,50,83,60,37,30.08,30.02,29.97,10,10,10,12,6,13,"0.00",1,"",145,"DFW"
"2015-5-2",81,70,59,59,55,51,78,62,45,30.06,30.01,29.93,10,10,10,16,8,22,"0.00",1,"",154,"DFW"
"2015-5-3",79,70,60,60,57,55,84,65,45,30,29.96,29.92,10,10,10,20,11,28,"0.00",2,"",171,"DFW"
"2015-5-4",81,73,65,65,60,52,87,67,46,30.09,30.02,29.96,10,10,10,23,13,27,"0.00",5,"",161,"DFW"
"2015-5-5",81,71,61,68,63,55,90,76,62,30.04,29.95,29.86,10,9,3,30,16,38,"0.14",7,"Rain-Thunderstorm",147,"DFW"
"2015-5-6",82,75,68,70,67,66,93,78,62,29.96,29.9,29.8,10,9,2,24,15,31,"0.43",7,"Rain-Thunderstorm",155,"DFW"
"2015-5-7",82,73,64,72,67,61,90,80,69,29.96,29.89,29.76,10,9,0,31,12,43,"1.34",8,"Fog-Rain-Thunderstorm",131,"DFW"
"2015-5-8",83,75,67,74,70,64,100,85,69,29.92,29.86,29.76,10,8,5,29,12,36,"T",7,"Rain-Thunderstorm",160,"DFW"
"2015-5-9",82,76,69,73,71,68,100,85,69,29.91,29.83,29.72,10,8,2,26,13,34,"0.04",8,"Rain-Thunderstorm",144,"DFW"
"2015-5-10",79,71,63,71,67,63,100,87,74,29.92,29.83,29.75,10,8,1,31,10,39,"1.49",8,"Rain-Thunderstorm",135,"DFW"
"2015-5-11",73,67,60,65,55,48,100,78,55,30.17,30.04,29.85,10,10,10,21,11,26,"0.00",7,"",11,"DFW"
"2015-5-12",72,65,58,60,55,47,84,68,52,30.27,30.19,30.13,10,10,5,16,8,20,"0.06",8,"Rain-Thunderstorm",71,"DFW"
"2015-5-13",69,66,62,68,63,58,100,92,84,30.18,30.06,29.96,10,8,0,18,10,25,"1.11",8,"Fog-Rain-Thunderstorm",119,"DFW"
"2015-5-14",83,74,64,70,67,64,100,84,67,30.09,30.02,29.94,10,9,6,18,10,23,"T",8,"",165,"DFW"
"2015-5-15",78,73,68,71,69,65,100,87,74,29.97,29.92,29.85,10,10,8,21,12,26,"0.01",7,"Rain",165,"DFW"
"2015-5-16",84,77,69,71,68,66,97,81,65,29.89,29.82,29.7,10,10,10,28,16,35,"T",7,"",168,"DFW"
"2015-5-17",79,72,64,70,66,64,100,87,74,30.01,29.89,29.81,10,8,2,31,10,40,"1.68",7,"Rain-Thunderstorm",176,"DFW"
"2015-5-18",88,76,64,73,69,65,100,75,50,30.1,30.04,30,10,10,6,20,6,25,"0.00",3,"Fog",139,"DFW"
"2015-5-19",80,75,70,73,71,69,100,88,76,30.08,29.98,29.85,10,10,8,23,12,30,"T",8,"Thunderstorm",135,"DFW"
"2015-5-20",86,74,62,72,66,58,93,76,59,30.09,29.97,29.86,10,10,9,22,13,27,"T",7,"Rain",39,"DFW"
"2015-5-21",66,61,55,58,55,53,100,87,73,30.21,30.15,30.06,10,9,3,25,10,32,"0.57",8,"Rain-Thunderstorm",26,"DFW"
"2015-5-22",68,63,57,66,59,52,100,89,78,30.16,30.12,30.06,10,9,0,17,8,22,"0.55",8,"Fog-Rain",99,"DFW"
"2015-5-23",81,74,67,73,69,66,100,87,74,30.1,30.02,29.9,10,7,2,28,13,38,"0.73",8,"Rain-Thunderstorm",145,"DFW"
"2015-5-24",76,70,63,69,65,63,100,85,69,29.91,29.86,29.81,10,7,0,21,10,24,"3.30",7,"Fog-Rain-Thunderstorm",175,"DFW"
"2015-5-25",76,68,59,72,66,60,100,91,82,29.93,29.85,29.76,10,8,0,30,10,43,"0.43",7,"Fog-Rain-Thunderstorm",167,"DFW"
"2015-5-26",81,70,58,72,65,58,100,86,71,30.04,29.96,29.88,10,7,1,36,10,47,"0.43",8,"Rain-Thunderstorm",159,"DFW"
"2015-5-27",85,72,58,71,64,57,93,74,54,30.07,30,29.91,10,10,10,37,8,46,"T",6,"Rain-Thunderstorm",160,"DFW"
"2015-5-28",88,76,64,72,69,62,100,78,55,30.09,29.98,29.87,10,9,2,32,12,36,"1.56",7,"Rain-Thunderstorm",165,"DFW"
"2015-5-29",77,71,65,68,66,64,100,82,64,29.96,29.91,29.82,10,8,1,18,6,22,"2.20",7,"Rain-Thunderstorm",338,"DFW"
"2015-5-30",76,70,64,69,65,63,100,85,69,30.1,30.02,29.93,10,9,1,40,8,45,"0.89",7,"Rain-Thunderstorm",9,"DFW"
"2015-5-31",78,69,59,63,58,56,97,72,47,30.13,30.07,30,10,10,10,16,8,27,"0.00",4,"",8,"DFW"
"2015-6-1",84,72,59,62,58,56,93,67,40,30.09,30.04,29.98,10,10,10,12,3,16,"0.00",3,"",98,"DFW"
"2015-6-2",87,76,65,65,63,61,87,67,46,30.02,29.96,29.88,10,10,10,16,8,21,"0.00",5,"",143,"DFW"
"2015-6-3",90,79,67,67,65,63,84,64,44,29.92,29.89,29.83,10,10,10,17,10,23,"0.00",2,"",154,"DFW"
"2015-6-4",91,80,68,68,65,63,90,67,43,29.98,29.94,29.88,10,10,9,17,9,21,"0.00",1,"",155,"DFW"
"2015-6-5",91,80,68,68,65,62,90,66,41,30.07,29.98,29.93,10,10,10,13,6,17,"0.00",4,"",147,"DFW"
"2015-6-6",92,82,71,70,66,63,90,64,38,30.04,29.96,29.89,10,10,7,13,6,17,"0.00",4,"",160,"DFW"
"2015-6-7",93,82,71,67,65,62,84,61,38,29.98,29.91,29.85,10,10,7,18,9,24,"0.00",2,"",197,"DFW"
"2015-6-8",95,84,73,68,66,63,79,58,36,29.99,29.91,29.85,10,10,10,16,7,21,"0.00",4,"",212,"DFW"
"2015-6-9",95,85,74,70,66,64,74,57,39,29.91,29.86,29.79,10,10,10,21,5,26,"0.00",4,"Thunderstorm",180,"DFW"
"2015-6-10",97,85,72,69,66,62,79,56,33,29.84,29.79,29.73,10,10,10,15,7,20,"0.00",3,"",179,"DFW"
"2015-6-11",93,84,74,70,66,63,74,56,38,29.85,29.76,29.7,10,10,10,22,13,28,"0.00",1,"",172,"DFW"
"2015-6-12",93,85,76,71,69,65,87,63,39,29.89,29.81,29.74,10,10,10,23,15,29,"0.00",3,"",168,"DFW"
"2015-6-13",89,84,78,74,70,67,79,65,51,29.91,29.84,29.78,10,10,8,26,12,35,"T",6,"Rain-Thunderstorm",159,"DFW"
"2015-6-14",88,82,76,72,71,68,82,69,55,29.92,29.86,29.81,10,10,10,22,13,26,"0.00",6,"",164,"DFW"
"2015-6-15",92,84,76,73,71,66,87,68,49,30,29.94,29.87,10,10,9,24,10,29,"0.02",5,"Rain",151,"DFW"
"2015-6-16",87,80,73,75,72,68,87,79,71,30.02,29.97,29.92,10,9,1,9,7,23,"0.13",7,"Rain",98,"DFW"
"2015-6-17",80,77,74,75,72,68,94,88,82,29.88,29.74,29.6,10,4,1,40,21,48,"2.21",8,"Rain",134,"DFW"
"2015-6-18",95,85,75,73,67,64,79,58,36,29.94,29.87,29.81,10,10,10,23,11,29,"T",4,"",250,"DFW"
"2015-6-19",95,84,73,72,70,68,87,67,46,30.01,29.94,29.88,10,10,10,18,9,21,"0.00",4,"",195,"DFW"
"2015-6-20",86,81,76,73,70,66,79,67,55,30.02,29.96,29.92,10,10,10,22,12,27,"T",7,"",198,"DFW"
"2015-6-21",90,82,74,75,72,69,94,79,63,30.06,30,29.91,10,10,4,28,10,36,"0.07",7,"Rain-Thunderstorm",168,"DFW"
"2015-6-22",94,84,73,73,70,67,88,66,44,30.09,30.03,29.98,10,10,7,22,13,28,"0.00",4,"",193,"DFW"
"2015-6-23",94,84,74,72,70,68,87,67,46,30.15,30.09,30.04,10,10,10,15,9,21,"0.00",1,"",187,"DFW"
"2015-6-24",95,86,77,73,68,62,79,58,36,30.14,30.08,30.02,10,10,10,17,9,20,"0.00",1,"",183,"DFW"
"2015-6-25",95,86,76,71,68,65,82,61,39,30.07,30.01,29.94,10,10,10,15,10,21,"0.00",0,"",195,"DFW"
"2015-6-26",95,84,72,74,71,68,87,65,43,29.97,29.93,29.86,10,9,0,40,10,47,"1.29",5,"Fog-Rain-Thunderstorm",206,"DFW"
"2015-6-27",90,82,74,74,69,59,88,65,41,30.02,29.98,29.92,10,10,2,17,9,23,"0.20",6,"Rain-Thunderstorm",345,"DFW"
"2015-6-28",92,82,72,66,61,54,73,51,29,30.04,29.98,29.91,10,10,10,10,5,13,"0.00",4,"",114,"DFW"
"2015-6-29",96,86,75,72,69,64,82,59,36,29.98,29.93,29.86,10,10,10,16,8,20,"0.00",5,"",206,"DFW"
"2015-6-30",95,83,71,72,68,63,79,61,43,30.02,29.96,29.89,10,10,6,26,11,34,"0.03",5,"Rain-Thunderstorm",189,"DFW"
"2015-7-1",94,85,75,70,69,67,82,62,41,29.99,29.94,29.89,10,10,9,26,15,31,"0.00",4,"",199,"DFW"
"2015-7-2",93,84,74,70,67,64,87,64,41,29.97,29.91,29.84,10,10,8,26,17,32,"0.00",5,"",198,"DFW"
"2015-7-3",92,86,79,72,69,66,79,62,44,29.96,29.91,29.86,10,10,10,23,14,29,"0.00",7,"",209,"DFW"
"2015-7-4",94,86,78,71,70,67,74,58,41,29.95,29.91,29.86,10,10,10,20,12,23,"0.00",4,"",199,"DFW"
"2015-7-5",93,85,77,73,70,67,88,66,44,30.01,29.95,29.88,10,10,10,24,16,30,"0.00",3,"",178,"DFW"
"2015-7-6",93,87,80,73,70,65,79,62,44,29.99,29.93,29.83,10,10,10,29,20,36,"0.00",6,"",181,"DFW"
"2015-7-7",92,86,80,73,71,69,79,64,49,29.98,29.92,29.87,10,10,10,25,17,31,"0.00",8,"",186,"DFW"
"2015-7-8",85,80,74,74,72,69,79,72,65,30,29.94,29.89,10,8,1,25,14,32,"0.92",8,"Rain-Thunderstorm",201,"DFW"
"2015-7-9",92,85,77,73,69,64,85,63,41,30.05,29.99,29.94,10,10,7,26,15,32,"0.00",5,"",180,"DFW"
"2015-7-10",92,83,73,71,68,65,87,66,44,30.09,30.03,29.97,10,10,9,23,12,28,"0.00",3,"",173,"DFW"
"2015-7-11",94,85,76,69,67,64,82,61,39,30.12,30.06,30.02,10,10,8,17,11,27,"0.00",1,"",188,"DFW"
"2015-7-12",96,87,77,70,67,63,76,55,33,30.06,30,29.92,10,10,10,16,11,21,"0.00",1,"",192,"DFW"
"2015-7-13",98,88,77,73,70,67,76,58,40,29.94,29.87,29.78,10,10,8,18,11,27,"0.00",1,"",190,"DFW"
"2015-7-14",98,89,79,72,69,66,79,59,38,29.86,29.81,29.76,10,10,10,17,12,22,"0.00",0,"",188,"DFW"
"2015-7-15",96,86,76,70,67,62,76,55,34,29.93,29.87,29.82,10,10,10,16,10,21,"0.00",0,"",182,"DFW"
"2015-7-16",96,86,75,69,66,61,82,56,30,29.93,29.89,29.84,10,10,10,18,12,24,"0.00",1,"",184,"DFW"
"2015-7-17",97,88,79,70,68,63,74,54,33,29.94,29.89,29.83,10,10,10,21,14,26,"0.00",1,"",183,"DFW"
"2015-7-18",99,89,79,73,70,66,85,60,35,29.96,29.91,29.87,10,10,10,21,14,25,"0.00",1,"",186,"DFW"
"2015-7-19",99,89,78,73,69,65,74,54,33,29.99,29.93,29.87,10,10,10,17,12,22,"0.00",0,"",177,"DFW"
"2015-7-20",99,89,78,71,67,61,79,54,29,29.94,29.88,29.79,10,10,10,17,10,23,"0.00",1,"",186,"DFW"
"2015-7-21",97,88,79,72,69,64,69,52,35,29.88,29.83,29.76,10,10,10,16,10,21,"0.00",4,"",179,"DFW"
"2015-7-22",98,89,80,72,69,65,69,52,35,29.88,29.83,29.78,10,10,10,18,12,23,"0.00",5,"",185,"DFW"
"2015-7-23",99,90,80,72,67,63,74,53,31,29.95,29.89,29.85,10,10,10,20,12,23,"0.00",3,"",186,"DFW"
"2015-7-24",99,89,79,69,66,62,71,51,31,30,29.94,29.89,10,10,10,20,11,24,"0.00",1,"",185,"DFW"
"2015-7-25",99,89,79,71,66,58,69,48,27,29.96,29.91,29.84,10,10,10,15,9,18,"0.00",2,"",178,"DFW"
"2015-7-26",100,89,77,70,67,63,71,52,33,29.9,29.86,29.81,10,10,10,16,8,21,"0.00",1,"",185,"DFW"
"2015-7-27",100,89,78,72,67,64,74,54,33,29.92,29.87,29.81,10,10,10,18,9,26,"0.00",2,"",171,"DFW"
"2015-7-28",99,90,80,70,65,61,69,49,29,29.94,29.9,29.86,10,10,10,20,13,26,"0.00",0,"",180,"DFW"
"2015-7-29",102,91,79,71,65,60,71,49,27,30.02,29.97,29.93,10,10,10,14,8,18,"0.00",1,"",173,"DFW"
"2015-7-30",104,92,80,69,65,61,62,44,25,30.07,30.01,29.95,10,10,7,18,5,24,"0.00",2,"",89,"DFW"
"2015-7-31",98,90,81,72,68,55,74,53,32,30.06,30.01,29.95,10,10,10,17,8,23,"0.00",3,"",86,"DFW"
"2015-8-1",97,88,78,63,58,51,54,38,22,30.05,29.97,29.89,10,10,10,13,5,16,"0.00",6,"",109,"DFW"
"2015-8-2",99,88,77,60,56,53,56,40,24,29.96,29.89,29.82,10,10,10,15,8,18,"0.00",4,"",139,"DFW"
"2015-8-3",101,89,77,63,59,55,54,39,24,29.91,29.86,29.82,10,10,10,15,6,19,"0.00",4,"",143,"DFW"
"2015-8-4",99,89,79,69,64,61,58,44,29,29.94,29.88,29.83,10,10,10,17,9,22,"0.00",4,"",171,"DFW"
"2015-8-5",103,93,82,72,68,65,69,50,31,29.93,29.87,29.81,10,10,10,21,13,25,"0.00",1,"",185,"DFW"
"2015-8-6",103,93,83,70,66,63,65,48,31,29.88,29.82,29.75,10,10,10,25,14,30,"0.00",1,"",188,"DFW"
"2015-8-7",103,93,82,69,65,60,65,45,25,29.88,29.82,29.77,10,10,10,18,12,23,"0.00",1,"",188,"DFW"
"2015-8-8",103,92,81,71,66,61,74,50,25,29.89,29.83,29.78,10,10,10,18,13,24,"0.00",1,"",185,"DFW"
"2015-8-9",106,93,80,70,62,48,69,42,15,29.92,29.87,29.82,10,10,10,20,11,23,"0.00",3,"",187,"DFW"
"2015-8-10",106,93,79,67,58,50,67,42,17,29.94,29.88,29.83,10,10,10,14,6,18,"0.00",2,"",178,"DFW"
"2015-8-11",104,94,83,72,67,59,65,49,33,30.03,29.96,29.89,10,10,10,18,10,22,"0.00",4,"",19,"DFW"
"2015-8-12",99,89,79,70,65,61,62,46,29,30.08,30.02,29.96,10,10,9,21,11,26,"0.00",2,"",22,"DFW"
"2015-8-13",98,87,76,66,63,59,64,47,29,30.06,30,29.92,10,10,10,15,7,17,"0.00",1,"",72,"DFW"
"2015-8-14",97,88,78,67,61,56,54,41,28,30.05,29.99,29.91,10,10,10,17,8,23,"0.00",4,"",101,"DFW"
"2015-8-15",96,86,76,60,59,56,60,44,28,30.06,30,29.92,10,10,10,14,8,18,"0.00",0,"",92,"DFW"
"2015-8-16",98,86,74,64,60,55,60,43,25,30,29.94,29.85,10,10,10,13,5,16,"0.00",1,"",106,"DFW"
"2015-8-17",98,87,76,68,64,61,74,53,31,29.96,29.9,29.81,10,10,10,16,7,19,"0.00",3,"",142,"DFW"
"2015-8-18",99,90,80,69,65,61,69,49,29,29.87,29.77,29.67,10,10,10,23,14,31,"0.00",5,"",182,"DFW"
"2015-8-19",91,80,68,72,67,59,81,65,48,29.99,29.83,29.68,10,10,10,28,15,32,"0.06",6,"Rain-Thunderstorm",345,"DFW"
"2015-8-20",75,70,65,68,64,59,90,79,68,30.04,29.97,29.91,10,9,2,16,7,19,"0.40",8,"Rain",83,"DFW"
"2015-8-21",93,82,71,72,68,65,93,69,44,30.02,29.94,29.85,10,9,4,22,12,30,"0.00",5,"",142,"DFW"
"2015-8-22",97,87,76,73,70,66,87,64,40,29.95,29.89,29.8,10,10,10,20,12,26,"0.00",3,"",171,"DFW"
"2015-8-23",98,89,79,73,72,69,85,64,42,30.02,29.94,29.86,10,10,10,23,10,29,"0.00",3,"",165,"DFW"
"2015-8-24",100,89,78,74,70,65,85,62,38,30.06,30,29.94,10,10,10,13,6,17,"0.00",5,"Thunderstorm",67,"DFW"
"2015-8-25",93,86,78,73,70,66,85,65,44,30.09,30.03,29.98,10,10,10,15,8,20,"0.00",4,"",96,"DFW"
"2015-8-26",95,85,74,72,61,49,84,54,24,30.13,30.07,30.01,10,10,10,14,6,16,"0.00",3,"",132,"DFW"
"2015-8-27",97,85,72,65,60,55,64,48,31,30.06,30,29.94,10,10,10,17,7,22,"0.00",5,"",160,"DFW"
"2015-8-28",97,85,72,64,62,60,73,52,30,29.99,29.94,29.88,10,10,10,17,9,20,"0.00",3,"",146,"DFW"
"2015-8-29",96,87,78,65,63,61,62,48,33,29.99,29.94,29.88,10,10,10,20,9,23,"T",6,"",180,"DFW"
"2015-8-30",97,86,75,66,62,55,74,50,26,29.99,29.93,29.88,10,10,10,18,10,24,"0.00",6,"",207,"DFW"
"2015-8-31",95,85,74,67,63,60,74,54,33,30.01,29.95,29.91,10,10,10,18,9,23,"0.00",2,"",159,"DFW"
"2015-9-1",95,85,75,69,66,59,82,57,32,30.02,29.98,29.93,10,10,10,18,10,28,"0.00",2,"",161,"DFW"
"2015-9-2",95,84,73,69,65,61,84,59,33,30.05,29.98,29.9,10,10,10,16,8,22,"0.00",1,"",163,"DFW"
"2015-9-3",95,85,75,69,65,60,76,55,33,29.96,29.9,29.82,10,10,10,14,8,19,"0.00",2,"",149,"DFW"
"2015-9-4",96,87,78,72,68,66,79,59,39,29.94,29.89,29.86,10,10,10,15,9,19,"0.00",3,"",150,"DFW"
"2015-9-5",97,88,78,73,70,66,79,59,38,30,29.93,29.89,10,10,10,21,9,24,"0.00",3,"",165,"DFW"
"2015-9-6",100,90,79,74,70,65,85,59,33,29.99,29.92,29.86,10,10,10,15,8,20,"0.00",4,"",161,"DFW"
"2015-9-7",101,90,79,71,67,63,71,51,31,29.96,29.89,29.81,10,10,10,16,8,21,"0.00",1,"",172,"DFW"
"2015-9-8",99,90,80,72,68,64,74,54,33,29.9,29.84,29.75,10,10,10,17,11,22,"0.00",2,"",176,"DFW"
"2015-9-9",88,81,73,74,72,65,93,70,46,29.96,29.89,29.8,10,7,0,26,6,31,"2.00",7,"Rain-Thunderstorm",129,"DFW"
"2015-9-10",94,84,74,73,69,64,87,63,39,29.96,29.9,29.81,10,10,10,14,4,16,"0.00",4,"",115,"DFW"
"2015-9-11",94,84,73,71,64,56,87,58,28,30.04,29.94,29.88,10,10,10,23,11,29,"0.00",3,"",51,"DFW"
"2015-9-12",86,76,66,59,50,44,66,45,23,30.12,30.05,29.98,10,10,10,18,9,26,"0.00",1,"",58,"DFW"
"2015-9-13",91,78,64,52,49,45,60,40,20,30.05,29.99,29.89,10,10,10,21,10,27,"0.00",2,"",157,"DFW"
"2015-9-14",90,80,69,57,53,46,66,48,29,30.05,29.98,29.94,10,10,10,21,14,28,"0.00",2,"",163,"DFW"
"2015-9-15",89,79,69,70,63,48,73,59,44,30.1,30.03,29.97,10,10,10,23,10,29,"0.00",4,"",152,"DFW"
"2015-9-16",92,84,75,71,68,65,87,64,41,30.1,30.02,29.95,10,10,10,23,13,29,"0.00",2,"",162,"DFW"
"2015-9-17",94,85,75,72,67,63,87,63,39,30.02,29.93,29.84,10,10,10,21,12,26,"0.00",1,"",172,"DFW"
"2015-9-18",95,86,76,71,65,60,82,58,33,29.89,29.84,29.78,10,10,10,18,12,25,"0.00",1,"",178,"DFW"
"2015-9-19",86,80,74,72,68,61,93,72,51,30.01,29.93,29.85,10,10,6,17,8,21,"0.14",6,"Rain",77,"DFW"
"2015-9-20",88,80,72,70,65,60,84,62,40,30.01,29.98,29.93,10,10,10,18,8,23,"0.00",7,"",80,"DFW"
"2015-9-21",95,82,69,66,62,60,78,56,33,30.02,29.96,29.9,10,10,10,10,5,16,"0.00",3,"",111,"DFW"
"2015-9-22",94,83,72,65,63,60,73,55,36,30.05,29.99,29.95,10,10,10,12,6,18,"0.00",3,"",114,"DFW"
"2015-9-23",93,82,71,61,54,44,61,41,20,30.06,30,29.95,10,10,10,14,7,20,"0.00",2,"",107,"DFW"
"2015-9-24",93,82,70,60,56,53,60,44,28,30.07,30.01,29.98,10,10,10,10,4,14,"0.00",3,"",77,"DFW"
"2015-9-25",93,82,71,63,59,54,73,52,30,30.07,30.01,29.95,10,10,10,15,6,18,"0.00",4,"",27,"DFW"
"2015-9-26",91,79,67,59,54,49,70,47,24,30.01,29.96,29.89,10,10,10,15,6,20,"0.00",1,"",38,"DFW"
"2015-9-27",91,79,67,59,54,51,63,45,27,29.96,29.9,29.84,10,10,10,12,6,19,"0.00",4,"",77,"DFW"
"2015-9-28",90,79,68,63,60,57,78,56,34,29.91,29.85,29.78,10,10,9,15,6,19,"0.00",5,"",49,"DFW"
"2015-9-29",92,82,71,66,62,57,74,55,36,29.94,29.88,29.84,10,10,10,17,8,22,"0.00",2,"",8,"DFW"
"2015-9-30",92,81,70,63,60,57,73,53,32,30.03,29.97,29.93,10,10,10,15,8,21,"0.00",1,"",2,"DFW"
"2015-10-1",81,73,65,62,61,57,87,68,49,30.14,30.05,30.01,10,10,9,18,9,21,"T",3,"",35,"DFW"
"2015-10-2",81,69,57,58,47,39,73,49,25,30.11,30.03,29.93,10,10,10,14,10,22,"0.00",1,"",19,"DFW"
"2015-10-3",80,67,54,49,47,44,67,49,30,29.98,29.91,29.86,10,10,10,16,7,22,"0.00",6,"",37,"DFW"
"2015-10-4",81,69,57,53,50,48,77,55,33,30.06,29.98,29.92,10,10,10,14,6,17,"0.00",4,"",23,"DFW"
"2015-10-5",82,73,63,55,53,50,67,52,36,30.12,30.05,30,10,10,10,17,8,22,"0.00",5,"",5,"DFW"
"2015-10-6",84,71,58,59,56,55,87,64,40,30.17,30.1,30.02,10,10,7,13,5,15,"0.00",2,"",6,"DFW"
"2015-10-7",89,78,66,61,59,56,81,58,34,30.11,30.04,29.98,10,10,10,12,5,15,"0.00",5,"",37,"DFW"
"2015-10-8",91,80,68,62,59,57,76,54,32,30.06,30.01,29.95,10,10,8,12,4,15,"0.00",4,"",95,"DFW"
"2015-10-9",90,78,66,65,61,55,79,60,40,30.19,30.1,30.01,10,10,8,28,11,32,"0.00",5,"",356,"DFW"
"2015-10-10",84,72,59,58,52,45,84,55,26,30.23,30.14,30.03,10,10,10,12,5,15,"0.00",1,"",25,"DFW"
"2015-10-11",95,80,64,58,54,49,67,48,28,30.02,29.87,29.71,10,10,10,24,12,29,"0.00",0,"",180,"DFW"
"2015-10-12",94,84,73,64,59,44,64,48,32,29.9,29.75,29.67,10,10,10,23,13,27,"0.00",0,"",195,"DFW"
"2015-10-13",90,73,56,46,37,27,62,36,10,30.05,29.98,29.91,10,10,2,16,5,18,"0.00",0,"",330,"DFW"
"2015-10-14",96,77,57,45,38,30,55,33,10,30.06,30,29.96,10,10,10,15,9,21,"0.00",0,"",195,"DFW"
"2015-10-15",95,79,63,46,41,35,48,30,12,30.07,30.01,29.96,10,10,10,23,12,27,"0.00",2,"",191,"DFW"
"2015-10-16",85,74,63,50,47,42,56,43,29,30.27,30.19,30.07,10,10,10,22,11,25,"0.00",3,"",30,"DFW"
"2015-10-17",79,69,58,44,38,32,55,38,21,30.36,30.28,30.24,10,10,10,16,8,20,"0.00",5,"",86,"DFW"
"2015-10-18",79,67,54,37,32,26,47,31,15,30.4,30.3,30.23,10,10,10,16,8,20,"0.00",1,"",117,"DFW"
"2015-10-19",83,69,54,37,35,33,47,32,17,30.27,30.18,30.08,10,10,10,21,10,23,"0.00",1,"",146,"DFW"
"2015-10-20",84,71,57,62,51,35,72,51,30,30.15,30.08,30.01,10,10,10,22,11,27,"0.00",2,"",158,"DFW"
"2015-10-21",86,78,69,66,63,56,84,66,48,30.18,30.09,30.04,10,10,7,20,10,25,"T",6,"",136,"DFW"
"2015-10-22",78,72,66,69,64,56,97,74,50,30.07,29.96,29.87,10,7,1,23,11,29,"2.58",7,"Rain-Thunderstorm",139,"DFW"
"2015-10-23",76,73,69,71,68,67,100,91,82,29.99,29.91,29.86,10,6,0,30,8,37,"3.55",8,"Fog-Rain-Thunderstorm",117,"DFW"
"2015-10-24",69,65,60,67,60,50,90,80,69,30.1,30,29.88,10,8,3,25,14,30,"1.41",8,"Rain-Thunderstorm",32,"DFW"
"2015-10-25",65,61,57,55,53,48,93,75,56,30.14,30.09,30.05,10,10,4,24,15,30,"0.03",7,"Rain",8,"DFW"
"2015-10-26",77,66,55,54,50,46,72,58,43,30.07,29.99,29.9,10,10,10,17,11,22,"0.00",6,"",2,"DFW"
"2015-10-27",79,69,58,57,54,48,87,63,38,29.91,29.8,29.7,10,10,10,12,6,16,"0.00",2,"",278,"DFW"
"2015-10-28",77,66,55,53,50,46,86,61,36,29.87,29.79,29.64,10,10,9,30,11,37,"0.00",3,"",311,"DFW"
"2015-10-29",78,65,51,53,48,44,89,60,31,29.97,29.89,29.85,10,10,10,14,6,17,"0.00",3,"",142,"DFW"
"2015-10-30",69,65,61,65,60,50,93,76,58,29.89,29.73,29.62,10,6,1,30,16,40,"1.75",8,"Rain-Thunderstorm",123,"DFW"
"2015-10-31",68,64,59,64,61,53,93,86,78,29.94,29.76,29.65,10,7,1,18,9,22,"0.50",8,"Rain-Thunderstorm",266,"DFW"
"2015-11-1",66,61,56,58,55,53,90,81,72,30.02,29.96,29.92,10,9,5,14,5,15,"0.01",7,"Rain",12,"DFW"
"2015-11-2",74,63,52,60,56,51,100,81,61,30.02,29.97,29.93,10,5,0,13,6,24,"0.00",3,"Fog",164,"DFW"
"2015-11-3",72,65,57,60,59,56,97,82,66,30.08,30.01,29.97,10,8,3,14,9,20,"0.00",4,"",145,"DFW"
"2015-11-4",76,68,60,65,61,57,93,77,60,30.08,30.02,29.96,10,9,5,15,11,21,"0.05",7,"Rain",150,"DFW"
"2015-11-5",81,74,67,72,67,48,90,74,57,29.99,29.92,29.8,10,8,1,31,14,38,"0.10",7,"Rain-Thunderstorm",180,"DFW"
"2015-11-6",70,63,56,53,47,39,72,58,43,30.13,30.08,30.04,10,10,10,16,8,19,"T",6,"Rain",358,"DFW"
"2015-11-7",69,60,51,54,47,36,86,63,40,30.31,30.23,30.1,10,10,10,21,12,26,"0.17",5,"Rain",23,"DFW"
"2015-11-8",68,57,46,45,38,34,76,53,29,30.33,30.22,30.11,10,10,10,15,7,18,"T",2,"",39,"DFW"
"2015-11-9",68,61,53,46,44,41,72,57,42,30.15,30.08,30.04,10,10,10,9,5,13,"0.00",5,"",140,"DFW"
"2015-11-10",77,64,51,63,57,46,83,70,57,30.06,29.97,29.87,10,10,10,24,12,29,"T",6,"",162,"DFW"
"2015-11-11",83,71,59,69,51,25,84,50,16,30.04,29.83,29.75,10,10,10,29,18,40,"T",6,"Rain",236,"DFW"
"2015-11-12",68,58,47,46,36,31,77,52,26,30.29,30.21,30.07,10,10,10,17,8,21,"0.00",5,"",353,"DFW"
"2015-11-13",68,57,45,41,36,27,82,52,21,30.35,30.29,30.26,10,10,10,15,7,18,"0.00",3,"",119,"DFW"
"2015-11-14",65,56,47,43,39,33,74,53,31,30.37,30.3,30.27,10,10,10,16,6,19,"0.00",7,"",147,"DFW"
"2015-11-15",64,59,54,52,46,42,86,67,48,30.29,30.16,30.04,10,9,2,17,9,22,"0.46",8,"Rain-Thunderstorm",143,"DFW"
"2015-11-16",75,65,55,69,62,52,93,89,84,30.04,29.81,29.53,10,5,0,26,14,36,"0.30",8,"Rain-Thunderstorm",152,"DFW"
"2015-11-17",76,65,53,68,49,31,93,67,40,29.69,29.57,29.47,10,8,1,35,14,49,"0.74",5,"Rain-Thunderstorm",219,"DFW"
"2015-11-18",71,60,49,45,37,32,71,48,25,29.91,29.77,29.69,10,10,10,22,11,26,"0.00",0,"",222,"DFW"
"2015-11-19",70,58,46,48,46,42,86,65,44,30.15,30.08,29.91,10,10,10,20,7,23,"0.00",0,"",56,"DFW"
"2015-11-20",74,62,50,49,47,43,86,60,33,30.13,30.01,29.89,10,10,10,22,10,27,"0.00",2,"",151,"DFW"
"2015-11-21",60,49,38,52,35,20,77,54,30,30.35,30.19,29.91,10,10,10,36,16,45,"0.00",4,"",1,"DFW"
"2015-11-22",56,43,30,32,27,20,82,53,24,30.35,30.27,30.19,10,10,10,10,5,12,"0.00",0,"",213,"DFW"
"2015-11-23",64,50,36,34,31,28,75,51,26,30.3,30.23,30.19,10,10,10,16,8,19,"0.00",5,"",168,"DFW"
"2015-11-24",66,55,43,54,45,34,72,60,47,30.18,30.1,30.01,10,10,10,22,13,27,"0.00",6,"",158,"DFW"
"2015-11-25",75,68,61,61,59,55,84,72,60,30.08,30.03,29.98,10,10,7,25,15,34,"T",7,"",165,"DFW"
"2015-11-26",72,69,66,67,65,61,90,82,73,30.16,30.09,30.03,10,6,1,22,13,29,"2.71",8,"Rain-Thunderstorm",152,"DFW"
"2015-11-27",70,55,39,68,46,36,93,88,83,30.25,30.17,30.04,10,5,1,26,16,31,"3.45",8,"Rain-Thunderstorm",337,"DFW"
"2015-11-28",42,40,38,37,36,35,92,84,76,30.26,30.23,30.17,10,8,1,21,14,24,"0.99",8,"Rain",338,"DFW"
"2015-11-29",44,42,40,41,39,37,92,88,83,30.25,30.17,30.06,10,5,2,15,9,21,"0.88",8,"Rain",349,"DFW"
"2015-11-30",50,47,43,42,41,39,92,83,74,30.09,30.04,29.99,10,7,1,13,7,16,"T",8,"",311,"DFW"
"2015-12-1",52,45,38,39,37,34,86,71,56,30.1,30.04,29.97,10,10,10,10,3,12,"0.00",5,"",321,"DFW"
"2015-12-2",60,49,38,38,34,30,86,60,33,30.27,30.17,30.06,10,10,10,22,10,25,"0.00",0,"",322,"DFW"
"2015-12-3",61,48,35,38,36,32,82,61,39,30.4,30.35,30.27,10,10,10,9,3,12,"0.00",0,"",176,"DFW"
"2015-12-4",60,50,39,40,37,33,85,63,40,30.51,30.43,30.38,10,10,10,12,5,16,"0.00",0,"",134,"DFW"
"2015-12-5",61,49,37,38,36,32,85,62,39,30.47,30.4,30.32,10,10,10,16,7,20,"0.00",4,"",141,"DFW"
"2015-12-6",65,53,41,44,39,37,83,62,40,30.43,30.37,30.34,10,10,10,15,8,19,"0.00",1,"",320,"DFW"
"2015-12-7",68,53,38,42,38,34,79,57,34,30.33,30.22,30.07,10,10,7,14,6,16,"0.00",2,"",188,"DFW"
"2015-12-8",72,58,44,50,45,39,86,64,41,30.05,29.93,29.81,10,10,8,22,11,27,"0.00",3,"",195,"DFW"
"2015-12-9",71,58,44,42,40,35,68,49,29,30.04,29.94,29.86,10,10,10,10,5,13,"0.00",3,"",225,"DFW"
"2015-12-10",76,63,49,53,45,41,83,57,31,29.83,29.76,29.7,10,10,10,22,9,26,"0.00",6,"",224,"DFW"
"2015-12-11",77,61,45,63,52,40,83,69,55,29.78,29.74,29.7,10,10,9,24,12,31,"0.00",6,"",183,"DFW"
"2015-12-12",75,73,70,67,65,63,84,77,69,29.79,29.7,29.57,10,10,8,28,17,37,"0.06",8,"Rain",160,"DFW"
"2015-12-13",74,63,51,67,49,35,89,68,47,29.64,29.57,29.47,10,8,1,48,15,59,"0.65",7,"Rain",225,"DFW"
"2015-12-14",70,57,44,43,38,34,76,51,26,29.75,29.7,29.63,10,10,10,22,8,28,"0.00",0,"",210,"DFW"
"2015-12-15",72,60,48,56,50,39,86,63,40,29.78,29.71,29.65,10,10,10,20,8,29,"T",2,"",195,"DFW"
"2015-12-16",61,52,43,28,25,22,51,38,25,30.02,29.93,29.78,10,10,10,21,12,27,"0.00",3,"",325,"DFW"
"2015-12-17",60,47,33,34,28,23,75,50,25,30.28,30.04,29.95,10,10,10,26,9,33,"0.00",0,"",279,"DFW"
"2015-12-18",51,41,31,32,29,27,85,62,38,30.42,30.34,30.27,10,10,10,23,7,28,"0.00",0,"",176,"DFW"
"2015-12-19",63,49,34,37,34,31,89,60,30,30.44,30.35,30.3,10,10,10,23,10,26,"0.00",2,"",155,"DFW"
"2015-12-20",65,57,49,60,51,40,90,75,59,30.27,30.05,29.91,10,10,9,25,14,33,"0.00",8,"",169,"DFW"
"2015-12-21",73,61,49,60,47,33,93,60,27,29.96,29.91,29.84,10,10,6,20,8,25,"0.00",3,"Fog",254,"DFW"
"2015-12-22",74,59,44,63,49,37,87,63,38,29.88,29.7,29.45,10,8,0,22,8,33,"T",4,"Fog",166,"DFW"
"2015-12-23",75,64,53,64,47,35,87,55,23,29.69,29.5,29.4,10,10,10,28,13,34,"0.00",5,"",229,"DFW"
"2015-12-24",75,63,50,46,41,33,71,51,31,30.01,29.84,29.68,10,10,10,20,9,25,"0.00",1,"",355,"DFW"
"2015-12-25",73,59,44,62,47,33,81,63,45,30.03,29.93,29.82,10,10,7,14,6,16,"0.00",5,"",85,"DFW"
"2015-12-26",82,66,50,70,63,47,93,78,62,29.83,29.72,29.62,10,8,1,36,17,43,"0.79",8,"Rain-Thunderstorm",171,"DFW"
"2015-12-27",51,46,41,48,41,37,93,88,82,29.78,29.69,29.6,10,7,1,38,23,45,"1.79",8,"Rain-Thunderstorm",348,"DFW"
"2015-12-28",41,37,33,37,31,27,92,78,64,30.01,29.75,29.48,10,9,2,30,17,38,"0.54",7,"Rain-Snow-Thunderstorm",307,"DFW"
"2015-12-29",47,39,31,35,31,27,85,69,53,30.17,30.08,30.01,10,10,10,12,4,14,"0.00",6,"",89,"DFW"
"2015-12-30",53,45,36,37,35,33,92,74,56,30.3,30.24,30.17,10,10,9,12,5,15,"0.00",3,"",18,"DFW"
"2015-12-31",53,43,33,35,32,28,79,64,48,30.46,30.36,30.29,10,10,10,18,10,21,"0.00",6,"",19,"DFW"
